web-scraper-order,web-scraper-start-url,jobs_entry,jobs_senior,jobs_mid,Entry Level,Entry Level-href,salaries_entry,Senior Level,Senior Level-href,salaries_senior,Mid Level,Mid Level-href,salaries_mid,job search,job search-href,resume search,resume search-href,resumes
"1575752417-386","https://github.com/tb0yd/job_dollars/wiki","","Senior Level (6147)","","","","","","","","","","","https://www.indeed.com/jobs?q=Java+developer&l=united+states","https://www.indeed.com/jobs?q=Java+developer&l=united+states","","",""
"1575752108-242","https://github.com/tb0yd/job_dollars/wiki","","","","","","","","","","","","","","","https://resumes.indeed.com/search?q=Spark&l=united+states&searchFields=jt%2Cskills","https://resumes.indeed.com/search?q=Spark&l=united+states&searchFields=jt%2Cskills","4,453 resumes"
"1575752128-250","https://github.com/tb0yd/job_dollars/wiki","","","","","","","","","","","","","","","https://resumes.indeed.com/search?q=""SQL+Server""&l=united+states&searchFields=jt%2Cskills","https://resumes.indeed.com/search?q=%22SQL+Server%22&l=united+states&searchFields=jt%2Cskills","54,053 resumes"
"1575752503-427","https://github.com/tb0yd/job_dollars/wiki","","","Mid Level (28808)","","","","","","","","","","https://www.indeed.com/jobs?q=JavaScript&l=united+states","https://www.indeed.com/jobs?q=JavaScript&l=united+states","","",""
"1575752366-363","https://github.com/tb0yd/job_dollars/wiki","","","Mid Level (13115)","","","","","","","","","","https://www.indeed.com/jobs?q=Azure&l=united+states","https://www.indeed.com/jobs?q=Azure&l=united+states","","",""
"1575752442-399","https://github.com/tb0yd/job_dollars/wiki","","","Mid Level (16255)","","","","","","","","","","https://www.indeed.com/jobs?q=C%23&l=united+states","https://www.indeed.com/jobs?q=C%23&l=united+states","","",""
"1575752527-436","https://github.com/tb0yd/job_dollars/wiki","","","","Entry Level (3951)","https://www.indeed.com/jobs?q=iOS&l=united+states&explvl=entry_level","$30,000+ (3256)$40,000+ (2454)$50,000+ (1958)$70,000+ (1300)$90,000+ (716)","","","","","","","https://www.indeed.com/jobs?q=iOS&l=united+states","https://www.indeed.com/jobs?q=iOS&l=united+states","","",""
"1575752275-319","https://github.com/tb0yd/job_dollars/wiki","","","Mid Level (109)","","","","","","","","","","https://www.indeed.com/jobs?q=Raspberry+Pi&l=united+states","https://www.indeed.com/jobs?q=Raspberry+Pi&l=united+states","","",""
"1575752494-422","https://github.com/tb0yd/job_dollars/wiki","","Senior Level (1532)","","","","","","","","","","","https://www.indeed.com/jobs?q=PHP&l=united+states","https://www.indeed.com/jobs?q=PHP&l=united+states","","",""
"1575752426-391","https://github.com/tb0yd/job_dollars/wiki","","","Mid Level (461)","","","","","","","","","","https://www.indeed.com/jobs?q=Dart&l=united+states","https://www.indeed.com/jobs?q=Dart&l=united+states","","",""
"1575752417-387","https://github.com/tb0yd/job_dollars/wiki","","","Mid Level (14911)","","","","","","","","","","https://www.indeed.com/jobs?q=Java+developer&l=united+states","https://www.indeed.com/jobs?q=Java+developer&l=united+states","","",""
"1575752384-369","https://github.com/tb0yd/job_dollars/wiki","Entry Level (8788)","","","","","","","","","","","","https://www.indeed.com/jobs?q=C%2B%2B&l=united+states","https://www.indeed.com/jobs?q=C%2B%2B&l=united+states","","",""
"1575752341-350","https://github.com/tb0yd/job_dollars/wiki","","Senior Level (3005)","","","","","","","","","","","https://www.indeed.com/jobs?q=Spark&l=united+states","https://www.indeed.com/jobs?q=Spark&l=united+states","","",""
"1575752485-418","https://github.com/tb0yd/job_dollars/wiki","","Senior Level (12839)","","","","","","","","","","","https://www.indeed.com/jobs?q=SQL&l=united+states","https://www.indeed.com/jobs?q=SQL&l=united+states","","",""
"1575752332-346","https://github.com/tb0yd/job_dollars/wiki","","Senior Level (493)","","","","","","","","","","","https://www.indeed.com/jobs?q=Go+developer&l=united+states","https://www.indeed.com/jobs?q=Go+developer&l=united+states","","",""
"1575752503-425","https://github.com/tb0yd/job_dollars/wiki","Entry Level (9400)","","","","","","","","","","","","https://www.indeed.com/jobs?q=JavaScript&l=united+states","https://www.indeed.com/jobs?q=JavaScript&l=united+states","","",""
"1575752281-320","https://github.com/tb0yd/job_dollars/wiki","","","","Entry Level (143)","https://www.indeed.com/jobs?q=Raspberry+Pi&l=united+states&explvl=entry_level","$30,000+ (112)$40,000+ (100)$50,300+ (66)$60,000+ (47)$87,300+ (24)","","","","","","","https://www.indeed.com/jobs?q=Raspberry+Pi&l=united+states","https://www.indeed.com/jobs?q=Raspberry+Pi&l=united+states","","",""
"1575752322-340","https://github.com/tb0yd/job_dollars/wiki","","","","Entry Level (1162)","https://www.indeed.com/jobs?q=Node.js&l=united+states&explvl=entry_level","$65,000+ (988)$85,000+ (793)$95,000+ (603)$105,000+ (416)$115,000+ (263)","","","","","","","https://www.indeed.com/jobs?q=Node.js&l=united+states","https://www.indeed.com/jobs?q=Node.js&l=united+states","","",""
"1575752457-404","https://github.com/tb0yd/job_dollars/wiki","","","","Entry Level (1051)","https://www.indeed.com/jobs?q=MongoDB&l=united+states&explvl=entry_level","$60,000+ (874)$80,000+ (696)$95,100+ (516)$105,000+ (351)$115,000+ (202)","","","","","","","https://www.indeed.com/jobs?q=MongoDB&l=united+states","https://www.indeed.com/jobs?q=MongoDB&l=united+states","","",""
"1575752283-321","https://github.com/tb0yd/job_dollars/wiki","Entry Level (153)","","","","","","","","","","","","https://www.indeed.com/jobs?q=Arduino&l=united+states","https://www.indeed.com/jobs?q=Arduino&l=united+states","","",""
"1575752409-381","https://github.com/tb0yd/job_dollars/wiki","Entry Level (125)","","","","","","","","","","","","https://www.indeed.com/jobs?q=LAMP+developer&l=united+states","https://www.indeed.com/jobs?q=LAMP+developer&l=united+states","","",""
"1575752069-226","https://github.com/tb0yd/job_dollars/wiki","","","","","","","","","","","","","","","https://resumes.indeed.com/search?l=united%20states&q=Hadoop&searchFields=jt%2Cskills","https://resumes.indeed.com/search?l=united%20states&q=Hadoop&searchFields=jt%2Cskills","9,792 resumes"
"1575752118-246","https://github.com/tb0yd/job_dollars/wiki","","","","","","","","","","","","","","","https://resumes.indeed.com/search?l=united%20states&q=GAE&searchFields=jt%2Cskills","https://resumes.indeed.com/search?l=united%20states&q=GAE&searchFields=jt%2Cskills","11 resumes"
"1575752306-332","https://github.com/tb0yd/job_dollars/wiki","","","","Entry Level (774)","https://www.indeed.com/jobs?q=Ruby+developer&l=united+states&explvl=entry_level","$70,000+ (657)$85,000+ (542)$95,000+ (437)$105,000+ (277)$115,000+ (158)","","","","","","","https://www.indeed.com/jobs?q=Ruby+developer&l=united+states","https://www.indeed.com/jobs?q=Ruby+developer&l=united+states","","",""
"1575752213-288","https://github.com/tb0yd/job_dollars/wiki","","","","Entry Level (2437)","https://www.indeed.com/jobs?q=Hadoop&l=united+states&explvl=entry_level","$70,000+ (2001)$85,000+ (1615)$95,000+ (1317)$110,000+ (862)$120,000+ (553)","","","","","","","https://www.indeed.com/jobs?q=Hadoop&l=united+states","https://www.indeed.com/jobs?q=Hadoop&l=united+states","","",""
"1575752199-281","https://github.com/tb0yd/job_dollars/wiki","Entry Level (4779)","","","","","","","","","","","","https://www.indeed.com/jobs?q=SharePoint&l=united+states","https://www.indeed.com/jobs?q=SharePoint&l=united+states","","",""
"1575752088-234","https://github.com/tb0yd/job_dollars/wiki","","","","","","","","","","","","","","","https://resumes.indeed.com/search?l=united%20states&q=Raspberry+Pi&searchFields=jt%2Cskills","https://resumes.indeed.com/search?l=united%20states&q=Raspberry+Pi&searchFields=jt%2Cskills","1,508 resumes"
"1575752166-267","https://github.com/tb0yd/job_dollars/wiki","","","Mid Level (4927)","","","","","","","","","","https://www.indeed.com/jobs?q=Matlab&l=united+states","https://www.indeed.com/jobs?q=Matlab&l=united+states","","",""
"1575752330-344","https://github.com/tb0yd/job_dollars/wiki","","","","Entry Level (172)","https://www.indeed.com/jobs?q=Haskell&l=united+states&explvl=entry_level","$30,100+ (142)$45,300+ (114)$65,400+ (93)$80,500+ (60)$102,600+ (31)","","","","","","","https://www.indeed.com/jobs?q=Haskell&l=united+states","https://www.indeed.com/jobs?q=Haskell&l=united+states","","",""
"1575752434-393","https://github.com/tb0yd/job_dollars/wiki","Entry Level (23)","","","","","","","","","","","","https://www.indeed.com/jobs?q=F%23&l=united+states","https://www.indeed.com/jobs?q=F%23&l=united+states","","",""
"1575752149-258","https://github.com/tb0yd/job_dollars/wiki","","","","","","","","","","","","","","","https://resumes.indeed.com/search?l=united%20states&q=Android&searchFields=jt%2Cskills","https://resumes.indeed.com/search?l=united%20states&q=Android&searchFields=jt%2Cskills","36,641 resumes"
"1575752460-407","https://github.com/tb0yd/job_dollars/wiki","","","Mid Level (420)","","","","","","","","","","https://www.indeed.com/jobs?q=Cordova&l=united+states","https://www.indeed.com/jobs?q=Cordova&l=united+states","","",""
"1575752100-239","https://github.com/tb0yd/job_dollars/wiki","","","","","","","","","","","","","","","https://resumes.indeed.com/search?q=Node.js&l=united+states&searchFields=jt%2Cskills","https://resumes.indeed.com/search?q=Node.js&l=united+states&searchFields=jt%2Cskills","11,455 resumes"
"1575752400-378","https://github.com/tb0yd/job_dollars/wiki","","Senior Level (3967)","","","","","","","","","","","https://www.indeed.com/jobs?q=""SQL+Server""&l=united+states","https://www.indeed.com/jobs?q=%22SQL+Server%22&l=united+states","","",""
"1575752062-223","https://github.com/tb0yd/job_dollars/wiki","","","","","","","","","","","","","","","https://resumes.indeed.com/search?q=Clojure&l=united+states&searchFields=jt%2Cskills","https://resumes.indeed.com/search?q=Clojure&l=united+states&searchFields=jt%2Cskills","165 resumes"
"1575752283-323","https://github.com/tb0yd/job_dollars/wiki","","","Mid Level (142)","","","","","","","","","","https://www.indeed.com/jobs?q=Arduino&l=united+states","https://www.indeed.com/jobs?q=Arduino&l=united+states","","",""
"1575752314-336","https://github.com/tb0yd/job_dollars/wiki","","","","Entry Level (513)","https://www.indeed.com/jobs?q=Redis&l=united+states&explvl=entry_level","$80,000+ (433)$95,000+ (346)$105,000+ (257)$110,100+ (208)$125,000+ (100)","","","","","","","https://www.indeed.com/jobs?q=Redis&l=united+states","https://www.indeed.com/jobs?q=Redis&l=united+states","","",""
"1575752174-269","https://github.com/tb0yd/job_dollars/wiki","Entry Level (74)","","","","","","","","","","","","https://www.indeed.com/jobs?q=Rust+developer&l=united+states","https://www.indeed.com/jobs?q=Rust+developer&l=united+states","","",""
"1575752291-326","https://github.com/tb0yd/job_dollars/wiki","","Senior Level (450)","","","","","","","","","","","https://www.indeed.com/jobs?q=ReactJS&l=united+states","https://www.indeed.com/jobs?q=ReactJS&l=united+states","","",""
"1575752146-257","https://github.com/tb0yd/job_dollars/wiki","","","","","","","","","","","","","","","https://resumes.indeed.com/search?q=Cordova&l=united+states&searchFields=jt%2Cskills","https://resumes.indeed.com/search?q=Cordova&l=united+states&searchFields=jt%2Cskills","663 resumes"
"1575752249-305","https://github.com/tb0yd/job_dollars/wiki","Entry Level (790)","","","","","","","","","","","","https://www.indeed.com/jobs?q=Cassandra&l=united+states","https://www.indeed.com/jobs?q=Cassandra&l=united+states","","",""
"1575752215-291","https://github.com/tb0yd/job_dollars/wiki","","","Mid Level (47)","","","","","","","","","","https://www.indeed.com/jobs?q=""Windows+Phone""&l=united+states","https://www.indeed.com/jobs?q=%22Windows+Phone%22&l=united+states","","",""
"1575752520-435","https://github.com/tb0yd/job_dollars/wiki","","","Mid Level (6682)","","","","","","","","","","https://www.indeed.com/jobs?q=iOS&l=united+states","https://www.indeed.com/jobs?q=iOS&l=united+states","","",""
"1575752451-403","https://github.com/tb0yd/job_dollars/wiki","","","Mid Level (3154)","","","","","","","","","","https://www.indeed.com/jobs?q=MongoDB&l=united+states","https://www.indeed.com/jobs?q=MongoDB&l=united+states","","",""
"1575752357-358","https://github.com/tb0yd/job_dollars/wiki","","Senior Level (2270)","","","","","","","","","","","https://www.indeed.com/jobs?q=C+developer&l=united+states","https://www.indeed.com/jobs?q=C+developer&l=united+states","","",""
"1575752374-367","https://github.com/tb0yd/job_dollars/wiki","","","Mid Level (23620)","","","","","","","","","","https://www.indeed.com/jobs?q=AWS&l=united+states","https://www.indeed.com/jobs?q=AWS&l=united+states","","",""
"1575752180-272","https://github.com/tb0yd/job_dollars/wiki","","","","Entry Level (74)","https://www.indeed.com/jobs?q=Rust+developer&l=united+states&explvl=entry_level","$75,300+ (62)$85,000+ (57)$95,500+ (41)$105,200+ (28)$115,700+ (15)","","","","","","","https://www.indeed.com/jobs?q=Rust+developer&l=united+states","https://www.indeed.com/jobs?q=Rust+developer&l=united+states","","",""
"1575752196-280","https://github.com/tb0yd/job_dollars/wiki","","","","Entry Level (407)","https://www.indeed.com/jobs?q=R+developer&l=united+states&explvl=entry_level","$50,000+ (343)$70,000+ (280)$85,000+ (208)$95,000+ (158)$110,300+ (74)","","","","","","","https://www.indeed.com/jobs?q=R+developer&l=united+states","https://www.indeed.com/jobs?q=R+developer&l=united+states","","",""
"1575752232-299","https://github.com/tb0yd/job_dollars/wiki","","","Mid Level (3113)","","","","","","","","","","https://www.indeed.com/jobs?q=Scala&l=united+states","https://www.indeed.com/jobs?q=Scala&l=united+states","","",""
"1575752093-236","https://github.com/tb0yd/job_dollars/wiki","","","","","","","","","","","","","","","https://resumes.indeed.com/search?l=united%20states&q=ReactJS&searchFields=jt%2Cskills","https://resumes.indeed.com/search?l=united%20states&q=ReactJS&searchFields=jt%2Cskills","4,015 resumes"
"1575752083-232","https://github.com/tb0yd/job_dollars/wiki","","","","","","","","","","","","","","","https://resumes.indeed.com/search?q=Perl&l=united+states&searchFields=jt%2Cskills","https://resumes.indeed.com/search?q=Perl&l=united+states&searchFields=jt%2Cskills","9,151 resumes"
"1575752073-228","https://github.com/tb0yd/job_dollars/wiki","","","","","","","","","","","","","","","https://resumes.indeed.com/search?q=CoffeeScript&l=united+states&searchFields=jt%2Cskills","https://resumes.indeed.com/search?q=CoffeeScript&l=united+states&searchFields=jt%2Cskills","31 resumes"
"1575752190-277","https://github.com/tb0yd/job_dollars/wiki","Entry Level (407)","","","","","","","","","","","","https://www.indeed.com/jobs?q=R+developer&l=united+states","https://www.indeed.com/jobs?q=R+developer&l=united+states","","",""
"1575752384-370","https://github.com/tb0yd/job_dollars/wiki","","Senior Level (7083)","","","","","","","","","","","https://www.indeed.com/jobs?q=C%2B%2B&l=united+states","https://www.indeed.com/jobs?q=C%2B%2B&l=united+states","","",""
"1575752451-401","https://github.com/tb0yd/job_dollars/wiki","Entry Level (1051)","","","","","","","","","","","","https://www.indeed.com/jobs?q=MongoDB&l=united+states","https://www.indeed.com/jobs?q=MongoDB&l=united+states","","",""
"1575752324-343","https://github.com/tb0yd/job_dollars/wiki","","","Mid Level (192)","","","","","","","","","","https://www.indeed.com/jobs?q=Haskell&l=united+states","https://www.indeed.com/jobs?q=Haskell&l=united+states","","",""
"1575752059-222","https://github.com/tb0yd/job_dollars/wiki","","","","","","","","","","","","","","","https://resumes.indeed.com/search?q=Rust+developer&l=united+states&searchFields=jt%2Cskills","https://resumes.indeed.com/search?q=Rust+developer&l=united+states&searchFields=jt%2Cskills","4 resumes"
"1575752158-262","https://github.com/tb0yd/job_dollars/wiki","","","","","","","","","","","","","","","https://resumes.indeed.com/search?q=JavaScript&l=united+states&searchFields=jt%2Cskills","https://resumes.indeed.com/search?q=JavaScript&l=united+states&searchFields=jt%2Cskills","116,158 resumes"
"1575752364-360","https://github.com/tb0yd/job_dollars/wiki","","","","Entry Level (2045)","https://www.indeed.com/jobs?q=C+developer&l=united+states&explvl=entry_level","$60,000+ (1594)$75,000+ (1282)$85,000+ (1068)$95,000+ (788)$110,000+ (347)","","","","","","","https://www.indeed.com/jobs?q=C+developer&l=united+states","https://www.indeed.com/jobs?q=C+developer&l=united+states","","",""
"1575752257-311","https://github.com/tb0yd/job_dollars/wiki","","","Mid Level (7296)","","","","","","","","","","https://www.indeed.com/jobs?q=Perl&l=united+states","https://www.indeed.com/jobs?q=Perl&l=united+states","","",""
"1575752223-295","https://github.com/tb0yd/job_dollars/wiki","","","Mid Level (61)","","","","","","","","","","https://www.indeed.com/jobs?q=CoffeeScript&l=united+states","https://www.indeed.com/jobs?q=CoffeeScript&l=united+states","","",""
"1575752207-286","https://github.com/tb0yd/job_dollars/wiki","","Senior Level (3487)","","","","","","","","","","","https://www.indeed.com/jobs?q=Hadoop&l=united+states","https://www.indeed.com/jobs?q=Hadoop&l=united+states","","",""
"1575752126-249","https://github.com/tb0yd/job_dollars/wiki","","","","","","","","","","","","","","","https://resumes.indeed.com/search?q=""Visual+Basic""&l=united+states&searchFields=jt%2Cskills","https://resumes.indeed.com/search?q=%22Visual+Basic%22&l=united+states&searchFields=jt%2Cskills","21,808 resumes"
"1575752215-289","https://github.com/tb0yd/job_dollars/wiki","Entry Level (40)","","","","","","","","","","","","https://www.indeed.com/jobs?q=""Windows+Phone""&l=united+states","https://www.indeed.com/jobs?q=%22Windows+Phone%22&l=united+states","","",""
"1575752081-231","https://github.com/tb0yd/job_dollars/wiki","","","","","","","","","","","","","","","https://resumes.indeed.com/search?q=Cassandra&l=united+states&searchFields=jt%2Cskills","https://resumes.indeed.com/search?q=Cassandra&l=united+states&searchFields=jt%2Cskills","2,335 resumes"
"1575752103-240","https://github.com/tb0yd/job_dollars/wiki","","","","","","","","","","","","","","","https://resumes.indeed.com/search?l=united%20states&q=Haskell&searchFields=jt%2Cskills","https://resumes.indeed.com/search?l=united%20states&q=Haskell&searchFields=jt%2Cskills","669 resumes"
"1575752460-406","https://github.com/tb0yd/job_dollars/wiki","","Senior Level (100)","","","","","","","","","","","https://www.indeed.com/jobs?q=Cordova&l=united+states","https://www.indeed.com/jobs?q=Cordova&l=united+states","","",""
"1575752417-385","https://github.com/tb0yd/job_dollars/wiki","Entry Level (4293)","","","","","","","","","","","","https://www.indeed.com/jobs?q=Java+developer&l=united+states","https://www.indeed.com/jobs?q=Java+developer&l=united+states","","",""
"1575752390-372","https://github.com/tb0yd/job_dollars/wiki","","","","Entry Level (8788)","https://www.indeed.com/jobs?q=C%2B%2B&l=united+states&explvl=entry_level","$55,000+ (6950)$70,000+ (5893)$85,000+ (4454)$95,000+ (3294)$110,000+ (1592)","","","","","","","https://www.indeed.com/jobs?q=C%2B%2B&l=united+states","https://www.indeed.com/jobs?q=C%2B%2B&l=united+states","","",""
"1575752332-345","https://github.com/tb0yd/job_dollars/wiki","Entry Level (320)","","","","","","","","","","","","https://www.indeed.com/jobs?q=Go+developer&l=united+states","https://www.indeed.com/jobs?q=Go+developer&l=united+states","","",""
"1575752374-366","https://github.com/tb0yd/job_dollars/wiki","","Senior Level (11851)","","","","","","","","","","","https://www.indeed.com/jobs?q=AWS&l=united+states","https://www.indeed.com/jobs?q=AWS&l=united+states","","",""
"1575752257-310","https://github.com/tb0yd/job_dollars/wiki","","Senior Level (3018)","","","","","","","","","","","https://www.indeed.com/jobs?q=Perl&l=united+states","https://www.indeed.com/jobs?q=Perl&l=united+states","","",""
"1575752232-298","https://github.com/tb0yd/job_dollars/wiki","","Senior Level (1441)","","","","","","","","","","","https://www.indeed.com/jobs?q=Scala&l=united+states","https://www.indeed.com/jobs?q=Scala&l=united+states","","",""
"1575752240-302","https://github.com/tb0yd/job_dollars/wiki","","Senior Level (4913)","","","","","","","","","","","https://www.indeed.com/jobs?q=Salesforce&l=united+states","https://www.indeed.com/jobs?q=Salesforce&l=united+states","","",""
"1575752409-383","https://github.com/tb0yd/job_dollars/wiki","","","Mid Level (465)","","","","","","","","","","https://www.indeed.com/jobs?q=LAMP+developer&l=united+states","https://www.indeed.com/jobs?q=LAMP+developer&l=united+states","","",""
"1575752166-265","https://github.com/tb0yd/job_dollars/wiki","Entry Level (3175)","","","","","","","","","","","","https://www.indeed.com/jobs?q=Matlab&l=united+states","https://www.indeed.com/jobs?q=Matlab&l=united+states","","",""
"1575752098-238","https://github.com/tb0yd/job_dollars/wiki","","","","","","","","","","","","","","","https://resumes.indeed.com/search?q=Redis&l=united+states&searchFields=jt%2Cskills","https://resumes.indeed.com/search?q=Redis&l=united+states&searchFields=jt%2Cskills","1,319 resumes"
"1575752485-417","https://github.com/tb0yd/job_dollars/wiki","Entry Level (12723)","","","","","","","","","","","","https://www.indeed.com/jobs?q=SQL&l=united+states","https://www.indeed.com/jobs?q=SQL&l=united+states","","",""
"1575752289-324","https://github.com/tb0yd/job_dollars/wiki","","","","Entry Level (153)","https://www.indeed.com/jobs?q=Arduino&l=united+states&explvl=entry_level","$35,000+ (128)$50,300+ (104)$60,000+ (77)$70,700+ (58)$85,000+ (29)","","","","","","","https://www.indeed.com/jobs?q=Arduino&l=united+states","https://www.indeed.com/jobs?q=Arduino&l=united+states","","",""
"1575752442-398","https://github.com/tb0yd/job_dollars/wiki","","Senior Level (5063)","","","","","","","","","","","https://www.indeed.com/jobs?q=C%23&l=united+states","https://www.indeed.com/jobs?q=C%23&l=united+states","","",""
"1575752249-306","https://github.com/tb0yd/job_dollars/wiki","","Senior Level (1035)","","","","","","","","","","","https://www.indeed.com/jobs?q=Cassandra&l=united+states","https://www.indeed.com/jobs?q=Cassandra&l=united+states","","",""
"1575752273-316","https://github.com/tb0yd/job_dollars/wiki","","","","Entry Level (2914)","https://www.indeed.com/jobs?q=Swift&l=united+states&explvl=entry_level","$20,000+ (2506)$25,000+ (2115)$35,000+ (1385)$50,000+ (932)$85,000+ (463)","","","","","","","https://www.indeed.com/jobs?q=Swift&l=united+states","https://www.indeed.com/jobs?q=Swift&l=united+states","","",""
"1575752199-283","https://github.com/tb0yd/job_dollars/wiki","","","Mid Level (10913)","","","","","","","","","","https://www.indeed.com/jobs?q=SharePoint&l=united+states","https://www.indeed.com/jobs?q=SharePoint&l=united+states","","",""
"1575752520-433","https://github.com/tb0yd/job_dollars/wiki","Entry Level (3951)","","","","","","","","","","","","https://www.indeed.com/jobs?q=iOS&l=united+states","https://www.indeed.com/jobs?q=iOS&l=united+states","","",""
"1575752468-410","https://github.com/tb0yd/job_dollars/wiki","","Senior Level (1748)","","","","","","","","","","","https://www.indeed.com/jobs?q=Android&l=united+states","https://www.indeed.com/jobs?q=Android&l=united+states","","",""
"1575752172-268","https://github.com/tb0yd/job_dollars/wiki","","","","Entry Level (3175)","https://www.indeed.com/jobs?q=Matlab&l=united+states&explvl=entry_level","$45,000+ (2533)$60,000+ (1971)$70,000+ (1609)$80,000+ (1181)$95,000+ (570)","","","","","","","https://www.indeed.com/jobs?q=Matlab&l=united+states","https://www.indeed.com/jobs?q=Matlab&l=united+states","","",""
"1575752086-233","https://github.com/tb0yd/job_dollars/wiki","","","","","","","","","","","","","","","https://resumes.indeed.com/search?q=Swift&l=united+states&searchFields=jt%2Cskills","https://resumes.indeed.com/search?q=Swift&l=united+states&searchFields=jt%2Cskills","7,480 resumes"
"1575752057-221","https://github.com/tb0yd/job_dollars/wiki","","","","","","","","","","","","","","","https://resumes.indeed.com/search?q=Matlab&l=united+states&searchFields=jt%2Cskills","https://resumes.indeed.com/search?q=Matlab&l=united+states&searchFields=jt%2Cskills","61,787 resumes"
"1575752161-263","https://github.com/tb0yd/job_dollars/wiki","","","","","","","","","","","","","","","https://resumes.indeed.com/search?l=united%20states&q=Objective-C&searchFields=jt%2Cskills","https://resumes.indeed.com/search?l=united%20states&q=Objective-C&searchFields=jt%2Cskills","2,209 resumes"
"1575752275-318","https://github.com/tb0yd/job_dollars/wiki","","Senior Level (32)","","","","","","","","","","","https://www.indeed.com/jobs?q=Raspberry+Pi&l=united+states","https://www.indeed.com/jobs?q=Raspberry+Pi&l=united+states","","",""
"1575752182-274","https://github.com/tb0yd/job_dollars/wiki","","Senior Level (84)","","","","","","","","","","","https://www.indeed.com/jobs?q=Clojure&l=united+states","https://www.indeed.com/jobs?q=Clojure&l=united+states","","",""
"1575752468-411","https://github.com/tb0yd/job_dollars/wiki","","","Mid Level (6428)","","","","","","","","","","https://www.indeed.com/jobs?q=Android&l=united+states","https://www.indeed.com/jobs?q=Android&l=united+states","","",""
"1575752264-312","https://github.com/tb0yd/job_dollars/wiki","","","","Entry Level (2374)","https://www.indeed.com/jobs?q=Perl&l=united+states&explvl=entry_level","$60,000+ (1912)$75,000+ (1584)$90,000+ (1163)$100,000+ (829)$115,000+ (396)","","","","","","","https://www.indeed.com/jobs?q=Perl&l=united+states","https://www.indeed.com/jobs?q=Perl&l=united+states","","",""
"1575752349-354","https://github.com/tb0yd/job_dollars/wiki","","Senior Level (883)","","","","","","","","","","","https://www.indeed.com/jobs?q=AngularJS&l=united+states","https://www.indeed.com/jobs?q=AngularJS&l=united+states","","",""
"1575752205-284","https://github.com/tb0yd/job_dollars/wiki","","","","Entry Level (4779)","https://www.indeed.com/jobs?q=SharePoint&l=united+states&explvl=entry_level","$35,000+ (3576)$40,000+ (3135)$50,000+ (2325)$60,000+ (1604)$75,000+ (855)","","","","","","","https://www.indeed.com/jobs?q=SharePoint&l=united+states","https://www.indeed.com/jobs?q=SharePoint&l=united+states","","",""
"1575752485-419","https://github.com/tb0yd/job_dollars/wiki","","","Mid Level (42344)","","","","","","","","","","https://www.indeed.com/jobs?q=SQL&l=united+states","https://www.indeed.com/jobs?q=SQL&l=united+states","","",""
"1575752392-374","https://github.com/tb0yd/job_dollars/wiki","","Senior Level (374)","","","","","","","","","","","https://www.indeed.com/jobs?q=""Visual+Basic""&l=united+states","https://www.indeed.com/jobs?q=%22Visual+Basic%22&l=united+states","","",""
"1575752407-380","https://github.com/tb0yd/job_dollars/wiki","","","","Entry Level (3086)","https://www.indeed.com/jobs?q=%22SQL+Server%22&l=united+states&explvl=entry_level","$55,000+ (2557)$65,000+ (2202)$75,000+ (1758)$85,000+ (1255)$100,000+ (539)","","","","","","","https://www.indeed.com/jobs?q=""SQL+Server""&l=united+states","https://www.indeed.com/jobs?q=%22SQL+Server%22&l=united+states","","",""
"1575752076-229","https://github.com/tb0yd/job_dollars/wiki","","","","","","","","","","","","","","","https://resumes.indeed.com/search?q=Scala&l=united+states&searchFields=jt%2Cskills","https://resumes.indeed.com/search?q=Scala&l=united+states&searchFields=jt%2Cskills","2,067 resumes"
"1575752426-390","https://github.com/tb0yd/job_dollars/wiki","","Senior Level (84)","","","","","","","","","","","https://www.indeed.com/jobs?q=Dart&l=united+states","https://www.indeed.com/jobs?q=Dart&l=united+states","","",""
"1575752511-429","https://github.com/tb0yd/job_dollars/wiki","Entry Level (8151)","","","","","","","","","","","","https://www.indeed.com/jobs?q=Objective-C&l=united+states","https://www.indeed.com/jobs?q=Objective-C&l=united+states","","",""
"1575752324-341","https://github.com/tb0yd/job_dollars/wiki","Entry Level (172)","","","","","","","","","","","","https://www.indeed.com/jobs?q=Haskell&l=united+states","https://www.indeed.com/jobs?q=Haskell&l=united+states","","",""
"1575752111-243","https://github.com/tb0yd/job_dollars/wiki","","","","","","","","","","","","","","","https://resumes.indeed.com/search?q=AngularJS&l=united+states&searchFields=jt%2Cskills","https://resumes.indeed.com/search?q=AngularJS&l=united+states&searchFields=jt%2Cskills","6,111 resumes"
"1575752215-290","https://github.com/tb0yd/job_dollars/wiki","","Senior Level (13)","","","","","","","","","","","https://www.indeed.com/jobs?q=""Windows+Phone""&l=united+states","https://www.indeed.com/jobs?q=%22Windows+Phone%22&l=united+states","","",""
"1575752474-412","https://github.com/tb0yd/job_dollars/wiki","","","","Entry Level (5978)","https://www.indeed.com/jobs?q=Android&l=united+states&explvl=entry_level","$30,000+ (5049)$35,000+ (4194)$45,000+ (3077)$50,000+ (2048)$85,000+ (1056)","","","","","","","https://www.indeed.com/jobs?q=Android&l=united+states","https://www.indeed.com/jobs?q=Android&l=united+states","","",""
"1575752096-237","https://github.com/tb0yd/job_dollars/wiki","","","","","","","","","","","","","","","https://resumes.indeed.com/search?q=Ruby+developer&l=united+states&searchFields=jt%2Cskills","https://resumes.indeed.com/search?q=Ruby+developer&l=united+states&searchFields=jt%2Cskills","312 resumes"
"1575752140-255","https://github.com/tb0yd/job_dollars/wiki","","","","","","","","","","","","","","","https://resumes.indeed.com/search?q=C%23&l=united+states&searchFields=jt%2Cskills","https://resumes.indeed.com/search?q=C%23&l=united+states&searchFields=jt%2Cskills","47,947 resumes"
"1575752374-365","https://github.com/tb0yd/job_dollars/wiki","Entry Level (5721)","","","","","","","","","","","","https://www.indeed.com/jobs?q=AWS&l=united+states","https://www.indeed.com/jobs?q=AWS&l=united+states","","",""
"1575752426-389","https://github.com/tb0yd/job_dollars/wiki","Entry Level (635)","","","","","","","","","","","","https://www.indeed.com/jobs?q=Dart&l=united+states","https://www.indeed.com/jobs?q=Dart&l=united+states","","",""
"1575752154-260","https://github.com/tb0yd/job_dollars/wiki","","","","","","","","","","","","","","","https://resumes.indeed.com/search?q=SQL&l=united+states&searchFields=jt%2Cskills","https://resumes.indeed.com/search?q=SQL&l=united+states&searchFields=jt%2Cskills","193,536 resumes"
"1575752138-254","https://github.com/tb0yd/job_dollars/wiki","","","","","","","","","","","","","","","https://resumes.indeed.com/search?q=F%23&l=united+states&searchFields=jt%2Cskills","https://resumes.indeed.com/search?q=F%23&l=united+states&searchFields=jt%2Cskills","83 resumes"
"1575752349-353","https://github.com/tb0yd/job_dollars/wiki","Entry Level (617)","","","","","","","","","","","","https://www.indeed.com/jobs?q=AngularJS&l=united+states","https://www.indeed.com/jobs?q=AngularJS&l=united+states","","",""
"1575752275-317","https://github.com/tb0yd/job_dollars/wiki","Entry Level (143)","","","","","","","","","","","","https://www.indeed.com/jobs?q=Raspberry+Pi&l=united+states","https://www.indeed.com/jobs?q=Raspberry+Pi&l=united+states","","",""
"1575752400-379","https://github.com/tb0yd/job_dollars/wiki","","","Mid Level (12358)","","","","","","","","","","https://www.indeed.com/jobs?q=""SQL+Server""&l=united+states","https://www.indeed.com/jobs?q=%22SQL+Server%22&l=united+states","","",""
"1575752503-426","https://github.com/tb0yd/job_dollars/wiki","","Senior Level (9327)","","","","","","","","","","","https://www.indeed.com/jobs?q=JavaScript&l=united+states","https://www.indeed.com/jobs?q=JavaScript&l=united+states","","",""
"1575752105-241","https://github.com/tb0yd/job_dollars/wiki","","","","","","","","","","","","","","","https://resumes.indeed.com/search?l=united%20states&q=Golang+developer&searchFields=jt%2Cskills","https://resumes.indeed.com/search?l=united%20states&q=Golang+developer&searchFields=jt%2Cskills","43 resumes"
"1575752113-244","https://github.com/tb0yd/job_dollars/wiki","","","","","","","","","","","","","","","https://resumes.indeed.com/search?q=C+developer&l=united+states&searchFields=jt%2Cskills","https://resumes.indeed.com/search?q=C+developer&l=united+states&searchFields=jt%2Cskills","943 resumes"
"1575752372-364","https://github.com/tb0yd/job_dollars/wiki","","","","Entry Level (2943)","https://www.indeed.com/jobs?q=Azure&l=united+states&explvl=entry_level","$60,000+ (2456)$80,000+ (2006)$95,000+ (1551)$105,000+ (1137)$120,000+ (629)","","","","","","","https://www.indeed.com/jobs?q=Azure&l=united+states","https://www.indeed.com/jobs?q=Azure&l=united+states","","",""
"1575752381-368","https://github.com/tb0yd/job_dollars/wiki","","","","Entry Level (5721)","https://www.indeed.com/jobs?q=AWS&l=united+states&explvl=entry_level","$55,000+ (4755)$85,000+ (3803)$100,000+ (2879)$110,000+ (2070)$120,000+ (1280)","","","","","","","https://www.indeed.com/jobs?q=AWS&l=united+states","https://www.indeed.com/jobs?q=AWS&l=united+states","","",""
"1575752116-245","https://github.com/tb0yd/job_dollars/wiki","","","","","","","","","","","","","","","https://resumes.indeed.com/search?l=united%20states&q=Azure&searchFields=jt%2Cskills","https://resumes.indeed.com/search?l=united%20states&q=Azure&searchFields=jt%2Cskills","9,091 resumes"
"1575752477-413","https://github.com/tb0yd/job_dollars/wiki","Entry Level (2249)","","","","","","","","","","","","https://www.indeed.com/jobs?q=WordPress&l=united+states","https://www.indeed.com/jobs?q=WordPress&l=united+states","","",""
"1575752266-315","https://github.com/tb0yd/job_dollars/wiki","","","Mid Level (2463)","","","","","","","","","","https://www.indeed.com/jobs?q=Swift&l=united+states","https://www.indeed.com/jobs?q=Swift&l=united+states","","",""
"1575752355-356","https://github.com/tb0yd/job_dollars/wiki","","","","Entry Level (617)","https://www.indeed.com/jobs?q=AngularJS&l=united+states&explvl=entry_level","$65,000+ (519)$85,000+ (402)$90,000+ (345)$100,000+ (215)$110,000+ (109)","","","","","","","https://www.indeed.com/jobs?q=AngularJS&l=united+states","https://www.indeed.com/jobs?q=AngularJS&l=united+states","","",""
"1575752190-278","https://github.com/tb0yd/job_dollars/wiki","","Senior Level (351)","","","","","","","","","","","https://www.indeed.com/jobs?q=R+developer&l=united+states","https://www.indeed.com/jobs?q=R+developer&l=united+states","","",""
"1575752392-373","https://github.com/tb0yd/job_dollars/wiki","Entry Level (733)","","","","","","","","","","","","https://www.indeed.com/jobs?q=""Visual+Basic""&l=united+states","https://www.indeed.com/jobs?q=%22Visual+Basic%22&l=united+states","","",""
"1575752232-297","https://github.com/tb0yd/job_dollars/wiki","Entry Level (884)","","","","","","","","","","","","https://www.indeed.com/jobs?q=Scala&l=united+states","https://www.indeed.com/jobs?q=Scala&l=united+states","","",""
"1575752266-313","https://github.com/tb0yd/job_dollars/wiki","Entry Level (2914)","","","","","","","","","","","","https://www.indeed.com/jobs?q=Swift&l=united+states","https://www.indeed.com/jobs?q=Swift&l=united+states","","",""
"1575752240-301","https://github.com/tb0yd/job_dollars/wiki","Entry Level (11650)","","","","","","","","","","","","https://www.indeed.com/jobs?q=Salesforce&l=united+states","https://www.indeed.com/jobs?q=Salesforce&l=united+states","","",""
"1575752308-334","https://github.com/tb0yd/job_dollars/wiki","","Senior Level (830)","","","","","","","","","","","https://www.indeed.com/jobs?q=Redis&l=united+states","https://www.indeed.com/jobs?q=Redis&l=united+states","","",""
"1575752442-397","https://github.com/tb0yd/job_dollars/wiki","Entry Level (5060)","","","","","","","","","","","","https://www.indeed.com/jobs?q=C%23&l=united+states","https://www.indeed.com/jobs?q=C%23&l=united+states","","",""
"1575752120-247","https://github.com/tb0yd/job_dollars/wiki","","","","","","","","","","","","","","","https://resumes.indeed.com/search?l=united%20states&q=AWS&searchFields=jt%2Cskills","https://resumes.indeed.com/search?l=united%20states&q=AWS&searchFields=jt%2Cskills","20,357 resumes"
"1575752316-337","https://github.com/tb0yd/job_dollars/wiki","Entry Level (1162)","","","","","","","","","","","","https://www.indeed.com/jobs?q=Node.js&l=united+states","https://www.indeed.com/jobs?q=Node.js&l=united+states","","",""
"1575752308-335","https://github.com/tb0yd/job_dollars/wiki","","","Mid Level (1495)","","","","","","","","","","https://www.indeed.com/jobs?q=Redis&l=united+states","https://www.indeed.com/jobs?q=Redis&l=united+states","","",""
"1575752190-279","https://github.com/tb0yd/job_dollars/wiki","","","Mid Level (1207)","","","","","","","","","","https://www.indeed.com/jobs?q=R+developer&l=united+states","https://www.indeed.com/jobs?q=R+developer&l=united+states","","",""
"1575752223-294","https://github.com/tb0yd/job_dollars/wiki","","Senior Level (23)","","","","","","","","","","","https://www.indeed.com/jobs?q=CoffeeScript&l=united+states","https://www.indeed.com/jobs?q=CoffeeScript&l=united+states","","",""
"1575752347-352","https://github.com/tb0yd/job_dollars/wiki","","","","Entry Level (5099)","https://www.indeed.com/jobs?q=Spark&l=united+states&explvl=entry_level","$25,000+ (4488)$35,000+ (3324)$45,000+ (2483)$60,000+ (1819)$95,000+ (940)","","","","","","","https://www.indeed.com/jobs?q=Spark&l=united+states","https://www.indeed.com/jobs?q=Spark&l=united+states","","",""
"1575752156-261","https://github.com/tb0yd/job_dollars/wiki","","","","","","","","","","","","","","","https://resumes.indeed.com/search?q=PHP&l=united+states&searchFields=jt%2Cskills","https://resumes.indeed.com/search?q=PHP&l=united+states&searchFields=jt%2Cskills","37,325 resumes"
"1575752223-293","https://github.com/tb0yd/job_dollars/wiki","Entry Level (22)","","","","","","","","","","","","https://www.indeed.com/jobs?q=CoffeeScript&l=united+states","https://www.indeed.com/jobs?q=CoffeeScript&l=united+states","","",""
"1575752366-362","https://github.com/tb0yd/job_dollars/wiki","","Senior Level (5943)","","","","","","","","","","","https://www.indeed.com/jobs?q=Azure&l=united+states","https://www.indeed.com/jobs?q=Azure&l=united+states","","",""
"1575752415-384","https://github.com/tb0yd/job_dollars/wiki","","","","Entry Level (125)","https://www.indeed.com/jobs?q=LAMP+developer&l=united+states&explvl=entry_level","$50,000+ (110)$65,500+ (85)$75,000+ (65)$85,100+ (44)$95,400+ (24)","","","","","","","https://www.indeed.com/jobs?q=LAMP+developer&l=united+states","https://www.indeed.com/jobs?q=LAMP+developer&l=united+states","","",""
"1575752332-347","https://github.com/tb0yd/job_dollars/wiki","","","Mid Level (1143)","","","","","","","","","","https://www.indeed.com/jobs?q=Go+developer&l=united+states","https://www.indeed.com/jobs?q=Go+developer&l=united+states","","",""
"1575752143-256","https://github.com/tb0yd/job_dollars/wiki","","","","","","","","","","","","","","","https://resumes.indeed.com/search?q=MongoDB&l=united+states&searchFields=jt%2Cskills","https://resumes.indeed.com/search?q=MongoDB&l=united+states&searchFields=jt%2Cskills","12,314 resumes"
"1575752392-375","https://github.com/tb0yd/job_dollars/wiki","","","Mid Level (1815)","","","","","","","","","","https://www.indeed.com/jobs?q=""Visual+Basic""&l=united+states","https://www.indeed.com/jobs?q=%22Visual+Basic%22&l=united+states","","",""
"1575752182-273","https://github.com/tb0yd/job_dollars/wiki","Entry Level (69)","","","","","","","","","","","","https://www.indeed.com/jobs?q=Clojure&l=united+states","https://www.indeed.com/jobs?q=Clojure&l=united+states","","",""
"1575752266-314","https://github.com/tb0yd/job_dollars/wiki","","Senior Level (751)","","","","","","","","","","","https://www.indeed.com/jobs?q=Swift&l=united+states","https://www.indeed.com/jobs?q=Swift&l=united+states","","",""
"1575752199-282","https://github.com/tb0yd/job_dollars/wiki","","Senior Level (2974)","","","","","","","","","","","https://www.indeed.com/jobs?q=SharePoint&l=united+states","https://www.indeed.com/jobs?q=SharePoint&l=united+states","","",""
"1575752477-414","https://github.com/tb0yd/job_dollars/wiki","","Senior Level (278)","","","","","","","","","","","https://www.indeed.com/jobs?q=WordPress&l=united+states","https://www.indeed.com/jobs?q=WordPress&l=united+states","","",""
"1575752133-252","https://github.com/tb0yd/job_dollars/wiki","","","","","","","","","","","","","","","https://resumes.indeed.com/search?l=united%20states&q=Java+developer&searchFields=jt%2Cskills","https://resumes.indeed.com/search?l=united%20states&q=Java+developer&searchFields=jt%2Cskills","11,707 resumes"
"1575752492-420","https://github.com/tb0yd/job_dollars/wiki","","","","Entry Level (12723)","https://www.indeed.com/jobs?q=SQL&l=united+states&explvl=entry_level","$50,000+ (10809)$65,000+ (8697)$75,000+ (6757)$85,000+ (4940)$100,000+ (2439)","","","","","","","https://www.indeed.com/jobs?q=SQL&l=united+states","https://www.indeed.com/jobs?q=SQL&l=united+states","","",""
"1575752449-400","https://github.com/tb0yd/job_dollars/wiki","","","","Entry Level (5060)","https://www.indeed.com/jobs?q=C%23&l=united+states&explvl=entry_level","$60,000+ (4243)$75,000+ (3475)$85,000+ (2715)$95,000+ (1803)$105,000+ (1053)","","","","","","","https://www.indeed.com/jobs?q=C%23&l=united+states","https://www.indeed.com/jobs?q=C%23&l=united+states","","",""
"1575752477-415","https://github.com/tb0yd/job_dollars/wiki","","","Mid Level (3353)","","","","","","","","","","https://www.indeed.com/jobs?q=WordPress&l=united+states","https://www.indeed.com/jobs?q=WordPress&l=united+states","","",""
"1575752207-287","https://github.com/tb0yd/job_dollars/wiki","","","Mid Level (8464)","","","","","","","","","","https://www.indeed.com/jobs?q=Hadoop&l=united+states","https://www.indeed.com/jobs?q=Hadoop&l=united+states","","",""
"1575752166-266","https://github.com/tb0yd/job_dollars/wiki","","Senior Level (2178)","","","","","","","","","","","https://www.indeed.com/jobs?q=Matlab&l=united+states","https://www.indeed.com/jobs?q=Matlab&l=united+states","","",""
"1575752182-275","https://github.com/tb0yd/job_dollars/wiki","","","Mid Level (166)","","","","","","","","","","https://www.indeed.com/jobs?q=Clojure&l=united+states","https://www.indeed.com/jobs?q=Clojure&l=united+states","","",""
"1575752384-371","https://github.com/tb0yd/job_dollars/wiki","","","Mid Level (18423)","","","","","","","","","","https://www.indeed.com/jobs?q=C%2B%2B&l=united+states","https://www.indeed.com/jobs?q=C%2B%2B&l=united+states","","",""
"1575752316-339","https://github.com/tb0yd/job_dollars/wiki","","","Mid Level (4510)","","","","","","","","","","https://www.indeed.com/jobs?q=Node.js&l=united+states","https://www.indeed.com/jobs?q=Node.js&l=united+states","","",""
"1575752152-259","https://github.com/tb0yd/job_dollars/wiki","","","","","","","","","","","","","","","https://resumes.indeed.com/search?l=united%20states&q=WordPress&searchFields=jt%2Cskills","https://resumes.indeed.com/search?l=united%20states&q=WordPress&searchFields=jt%2Cskills","73,281 resumes"
"1575752500-424","https://github.com/tb0yd/job_dollars/wiki","","","","Entry Level (6091)","https://www.indeed.com/jobs?q=PHP&l=united+states&explvl=entry_level","$30,000+ (5033)$45,000+ (3947)$55,000+ (3144)$70,000+ (2129)$90,000+ (1102)","","","","","","","https://www.indeed.com/jobs?q=PHP&l=united+states","https://www.indeed.com/jobs?q=PHP&l=united+states","","",""
"1575752324-342","https://github.com/tb0yd/job_dollars/wiki","","Senior Level (86)","","","","","","","","","","","https://www.indeed.com/jobs?q=Haskell&l=united+states","https://www.indeed.com/jobs?q=Haskell&l=united+states","","",""
"1575752071-227","https://github.com/tb0yd/job_dollars/wiki","","","","","","","","","","","","","","","https://resumes.indeed.com/search?q=""Windows+Phone""&l=united+states&searchFields=jt%2Cskills","https://resumes.indeed.com/search?q=%22Windows+Phone%22&l=united+states&searchFields=jt%2Cskills","325 resumes"
"1575752434-394","https://github.com/tb0yd/job_dollars/wiki","","Senior Level (29)","","","","","","","","","","","https://www.indeed.com/jobs?q=F%23&l=united+states","https://www.indeed.com/jobs?q=F%23&l=united+states","","",""
"1575752249-307","https://github.com/tb0yd/job_dollars/wiki","","","Mid Level (2033)","","","","","","","","","","https://www.indeed.com/jobs?q=Cassandra&l=united+states","https://www.indeed.com/jobs?q=Cassandra&l=united+states","","",""
"1575752341-351","https://github.com/tb0yd/job_dollars/wiki","","","Mid Level (7123)","","","","","","","","","","https://www.indeed.com/jobs?q=Spark&l=united+states","https://www.indeed.com/jobs?q=Spark&l=united+states","","",""
"1575752511-431","https://github.com/tb0yd/job_dollars/wiki","","","Mid Level (10184)","","","","","","","","","","https://www.indeed.com/jobs?q=Objective-C&l=united+states","https://www.indeed.com/jobs?q=Objective-C&l=united+states","","",""
"1575752257-309","https://github.com/tb0yd/job_dollars/wiki","Entry Level (2374)","","","","","","","","","","","","https://www.indeed.com/jobs?q=Perl&l=united+states","https://www.indeed.com/jobs?q=Perl&l=united+states","","",""
"1575752434-395","https://github.com/tb0yd/job_dollars/wiki","","","Mid Level (55)","","","","","","","","","","https://www.indeed.com/jobs?q=F%23&l=united+states","https://www.indeed.com/jobs?q=F%23&l=united+states","","",""
"1575752229-296","https://github.com/tb0yd/job_dollars/wiki","","","","Entry Level (22)","https://www.indeed.com/jobs?q=CoffeeScript&l=united+states&explvl=entry_level","$60,000+ (21)$84,500+ (15)$86,700+ (14)$100,300+ (8)$110,000+ (5)","","","","","","","https://www.indeed.com/jobs?q=CoffeeScript&l=united+states","https://www.indeed.com/jobs?q=CoffeeScript&l=united+states","","",""
"1575752398-376","https://github.com/tb0yd/job_dollars/wiki","","","","Entry Level (733)","https://www.indeed.com/jobs?q=%22Visual+Basic%22&l=united+states&explvl=entry_level","$45,100+ (632)$55,200+ (514)$65,000+ (408)$75,000+ (272)$85,000+ (160)","","","","","","","https://www.indeed.com/jobs?q=""Visual+Basic""&l=united+states","https://www.indeed.com/jobs?q=%22Visual+Basic%22&l=united+states","","",""
"1575752283-322","https://github.com/tb0yd/job_dollars/wiki","","Senior Level (29)","","","","","","","","","","","https://www.indeed.com/jobs?q=Arduino&l=united+states","https://www.indeed.com/jobs?q=Arduino&l=united+states","","",""
"1575752518-432","https://github.com/tb0yd/job_dollars/wiki","","","","Entry Level (8151)","https://www.indeed.com/jobs?q=Objective-C&l=united+states&explvl=entry_level","$25,000+ (7290)$35,000+ (5675)$45,000+ (4156)$60,000+ (2710)$75,000+ (1469)","","","","","","","https://www.indeed.com/jobs?q=Objective-C&l=united+states","https://www.indeed.com/jobs?q=Objective-C&l=united+states","","",""
"1575752174-271","https://github.com/tb0yd/job_dollars/wiki","","","Mid Level (180)","","","","","","","","","","https://www.indeed.com/jobs?q=Rust+developer&l=united+states","https://www.indeed.com/jobs?q=Rust+developer&l=united+states","","",""
"1575752291-325","https://github.com/tb0yd/job_dollars/wiki","Entry Level (296)","","","","","","","","","","","","https://www.indeed.com/jobs?q=ReactJS&l=united+states","https://www.indeed.com/jobs?q=ReactJS&l=united+states","","",""
"1575752494-423","https://github.com/tb0yd/job_dollars/wiki","","","Mid Level (7687)","","","","","","","","","","https://www.indeed.com/jobs?q=PHP&l=united+states","https://www.indeed.com/jobs?q=PHP&l=united+states","","",""
"1575752299-329","https://github.com/tb0yd/job_dollars/wiki","Entry Level (774)","","","","","","","","","","","","https://www.indeed.com/jobs?q=Ruby+developer&l=united+states","https://www.indeed.com/jobs?q=Ruby+developer&l=united+states","","",""
"1575752451-402","https://github.com/tb0yd/job_dollars/wiki","","Senior Level (1322)","","","","","","","","","","","https://www.indeed.com/jobs?q=MongoDB&l=united+states","https://www.indeed.com/jobs?q=MongoDB&l=united+states","","",""
"1575752299-331","https://github.com/tb0yd/job_dollars/wiki","","","Mid Level (2646)","","","","","","","","","","https://www.indeed.com/jobs?q=Ruby+developer&l=united+states","https://www.indeed.com/jobs?q=Ruby+developer&l=united+states","","",""
"1575752247-304","https://github.com/tb0yd/job_dollars/wiki","","","","Entry Level (11650)","https://www.indeed.com/jobs?q=Salesforce&l=united+states&explvl=entry_level","$35,000+ (9808)$45,000+ (7915)$50,000+ (6877)$60,000+ (4657)$75,000+ (2140)","","","","","","","https://www.indeed.com/jobs?q=Salesforce&l=united+states","https://www.indeed.com/jobs?q=Salesforce&l=united+states","","",""
"1575752466-408","https://github.com/tb0yd/job_dollars/wiki","","","","Entry Level (757)","https://www.indeed.com/jobs?q=Cordova&l=united+states&explvl=entry_level","$20,000+ (684)$25,000+ (579)$30,000+ (405)$35,000+ (291)$50,000+ (144)","","","","","","","https://www.indeed.com/jobs?q=Cordova&l=united+states","https://www.indeed.com/jobs?q=Cordova&l=united+states","","",""
"1575752299-330","https://github.com/tb0yd/job_dollars/wiki","","Senior Level (926)","","","","","","","","","","","https://www.indeed.com/jobs?q=Ruby+developer&l=united+states","https://www.indeed.com/jobs?q=Ruby+developer&l=united+states","","",""
"1575752316-338","https://github.com/tb0yd/job_dollars/wiki","","Senior Level (1823)","","","","","","","","","","","https://www.indeed.com/jobs?q=Node.js&l=united+states","https://www.indeed.com/jobs?q=Node.js&l=united+states","","",""
"1575752409-382","https://github.com/tb0yd/job_dollars/wiki","","Senior Level (89)","","","","","","","","","","","https://www.indeed.com/jobs?q=LAMP+developer&l=united+states","https://www.indeed.com/jobs?q=LAMP+developer&l=united+states","","",""
"1575752338-348","https://github.com/tb0yd/job_dollars/wiki","","","","Entry Level (320)","https://www.indeed.com/jobs?q=Go+developer&l=united+states&explvl=entry_level","$75,000+ (273)$95,200+ (219)$105,000+ (176)$115,000+ (121)$130,300+ (56)","","","","","","","https://www.indeed.com/jobs?q=Go+developer&l=united+states","https://www.indeed.com/jobs?q=Go+developer&l=united+states","","",""
"1575752468-409","https://github.com/tb0yd/job_dollars/wiki","Entry Level (5978)","","","","","","","","","","","","https://www.indeed.com/jobs?q=Android&l=united+states","https://www.indeed.com/jobs?q=Android&l=united+states","","",""
"1575752091-235","https://github.com/tb0yd/job_dollars/wiki","","","","","","","","","","","","","","","https://resumes.indeed.com/search?l=united%20states&q=Arduino&searchFields=jt%2Cskills","https://resumes.indeed.com/search?l=united%20states&q=Arduino&searchFields=jt%2Cskills","6,768 resumes"
"1575752078-230","https://github.com/tb0yd/job_dollars/wiki","","","","","","","","","","","","","","","https://resumes.indeed.com/search?l=united%20states&q=Salesforce&searchFields=jt%2Cskills","https://resumes.indeed.com/search?l=united%20states&q=Salesforce&searchFields=jt%2Cskills","171,516 resumes"
"1575752460-405","https://github.com/tb0yd/job_dollars/wiki","Entry Level (757)","","","","","","","","","","","","https://www.indeed.com/jobs?q=Cordova&l=united+states","https://www.indeed.com/jobs?q=Cordova&l=united+states","","",""
"1575752255-308","https://github.com/tb0yd/job_dollars/wiki","","","","Entry Level (790)","https://www.indeed.com/jobs?q=Cassandra&l=united+states&explvl=entry_level","$60,000+ (637)$70,000+ (550)$85,000+ (390)$100,200+ (290)$120,000+ (131)","","","","","","","https://www.indeed.com/jobs?q=Cassandra&l=united+states","https://www.indeed.com/jobs?q=Cassandra&l=united+states","","",""
"1575752291-327","https://github.com/tb0yd/job_dollars/wiki","","","Mid Level (1308)","","","","","","","","","","https://www.indeed.com/jobs?q=ReactJS&l=united+states","https://www.indeed.com/jobs?q=ReactJS&l=united+states","","",""
"1575752066-225","https://github.com/tb0yd/job_dollars/wiki","","","","","","","","","","","","","","","https://resumes.indeed.com/search?l=united%20states&q=SharePoint&searchFields=jt%2Cskills","https://resumes.indeed.com/search?l=united%20states&q=SharePoint&searchFields=jt%2Cskills","86,926 resumes"
"1575752135-253","https://github.com/tb0yd/job_dollars/wiki","","","","","","","","","","","","","","","https://resumes.indeed.com/search?l=united%20states&q=Dart&searchFields=jt%2Cskills","https://resumes.indeed.com/search?l=united%20states&q=Dart&searchFields=jt%2Cskills","627 resumes"
"1575752400-377","https://github.com/tb0yd/job_dollars/wiki","Entry Level (3086)","","","","","","","","","","","","https://www.indeed.com/jobs?q=""SQL+Server""&l=united+states","https://www.indeed.com/jobs?q=%22SQL+Server%22&l=united+states","","",""
"1575752366-361","https://github.com/tb0yd/job_dollars/wiki","Entry Level (2943)","","","","","","","","","","","","https://www.indeed.com/jobs?q=Azure&l=united+states","https://www.indeed.com/jobs?q=Azure&l=united+states","","",""
"1575752432-392","https://github.com/tb0yd/job_dollars/wiki","","","","Entry Level (635)","https://www.indeed.com/jobs?q=Dart&l=united+states&explvl=entry_level","$20,000+ (580)$25,000+ (482)$30,000+ (359)$40,000+ (239)$60,600+ (111)","","","","","","","https://www.indeed.com/jobs?q=Dart&l=united+states","https://www.indeed.com/jobs?q=Dart&l=united+states","","",""
"1575752164-264","https://github.com/tb0yd/job_dollars/wiki","","","","","","","","","","","","","","","https://resumes.indeed.com/search?l=united%20states&q=iOS&searchFields=jt%2Cskills","https://resumes.indeed.com/search?l=united%20states&q=iOS&searchFields=jt%2Cskills","38,309 resumes"
"1575752174-270","https://github.com/tb0yd/job_dollars/wiki","","Senior Level (82)","","","","","","","","","","","https://www.indeed.com/jobs?q=Rust+developer&l=united+states","https://www.indeed.com/jobs?q=Rust+developer&l=united+states","","",""
"1575752297-328","https://github.com/tb0yd/job_dollars/wiki","","","","Entry Level (296)","https://www.indeed.com/jobs?q=ReactJS&l=united+states&explvl=entry_level","$70,100+ (250)$85,000+ (212)$95,000+ (148)$100,000+ (124)$110,600+ (57)","","","","","","","https://www.indeed.com/jobs?q=ReactJS&l=united+states","https://www.indeed.com/jobs?q=ReactJS&l=united+states","","",""
"1575752423-388","https://github.com/tb0yd/job_dollars/wiki","","","","Entry Level (4293)","https://www.indeed.com/jobs?q=Java+developer&l=united+states&explvl=entry_level","$70,000+ (3553)$85,000+ (2912)$95,000+ (2205)$105,000+ (1433)$115,000+ (777)","","","","","","","https://www.indeed.com/jobs?q=Java+developer&l=united+states","https://www.indeed.com/jobs?q=Java+developer&l=united+states","","",""
"1575752483-416","https://github.com/tb0yd/job_dollars/wiki","","","","Entry Level (2249)","https://www.indeed.com/jobs?q=WordPress&l=united+states&explvl=entry_level","$30,000+ (1859)$35,000+ (1568)$40,000+ (1292)$50,000+ (754)$60,000+ (414)","","","","","","","https://www.indeed.com/jobs?q=WordPress&l=united+states","https://www.indeed.com/jobs?q=WordPress&l=united+states","","",""
"1575752440-396","https://github.com/tb0yd/job_dollars/wiki","","","","Entry Level (23)","https://www.indeed.com/jobs?q=F%23&l=united+states&explvl=entry_level","$76,700+ (20)$90,900+ (18)$95,500+ (14)$102,800+ (9)$110,800+ (5)","","","","","","","https://www.indeed.com/jobs?q=F%23&l=united+states","https://www.indeed.com/jobs?q=F%23&l=united+states","","",""
"1575752520-434","https://github.com/tb0yd/job_dollars/wiki","","Senior Level (1766)","","","","","","","","","","","https://www.indeed.com/jobs?q=iOS&l=united+states","https://www.indeed.com/jobs?q=iOS&l=united+states","","",""
"1575752221-292","https://github.com/tb0yd/job_dollars/wiki","","","","Entry Level (40)","https://www.indeed.com/jobs?q=%22Windows+Phone%22&l=united+states&explvl=entry_level","$35,800+ (39)$40,900+ (31)$47,500+ (24)$64,000+ (14)$85,100+ (7)","","","","","","","https://www.indeed.com/jobs?q=""Windows+Phone""&l=united+states","https://www.indeed.com/jobs?q=%22Windows+Phone%22&l=united+states","","",""
"1575752238-300","https://github.com/tb0yd/job_dollars/wiki","","","","Entry Level (884)","https://www.indeed.com/jobs?q=Scala&l=united+states&explvl=entry_level","$75,000+ (706)$95,000+ (566)$105,000+ (465)$115,000+ (325)$125,000+ (178)","","","","","","","https://www.indeed.com/jobs?q=Scala&l=united+states","https://www.indeed.com/jobs?q=Scala&l=united+states","","",""
"1575752131-251","https://github.com/tb0yd/job_dollars/wiki","","","","","","","","","","","","","","","https://resumes.indeed.com/search?q=LAMP+developer&l=united+states&searchFields=jt%2Cskills","https://resumes.indeed.com/search?q=LAMP+developer&l=united+states&searchFields=jt%2Cskills","120 resumes"
"1575752511-430","https://github.com/tb0yd/job_dollars/wiki","","Senior Level (3933)","","","","","","","","","","","https://www.indeed.com/jobs?q=Objective-C&l=united+states","https://www.indeed.com/jobs?q=Objective-C&l=united+states","","",""
"1575752349-355","https://github.com/tb0yd/job_dollars/wiki","","","Mid Level (2631)","","","","","","","","","","https://www.indeed.com/jobs?q=AngularJS&l=united+states","https://www.indeed.com/jobs?q=AngularJS&l=united+states","","",""
"1575752357-359","https://github.com/tb0yd/job_dollars/wiki","","","Mid Level (5639)","","","","","","","","","","https://www.indeed.com/jobs?q=C+developer&l=united+states","https://www.indeed.com/jobs?q=C+developer&l=united+states","","",""
"1575752240-303","https://github.com/tb0yd/job_dollars/wiki","","","Mid Level (24460)","","","","","","","","","","https://www.indeed.com/jobs?q=Salesforce&l=united+states","https://www.indeed.com/jobs?q=Salesforce&l=united+states","","",""
"1575752207-285","https://github.com/tb0yd/job_dollars/wiki","Entry Level (2437)","","","","","","","","","","","","https://www.indeed.com/jobs?q=Hadoop&l=united+states","https://www.indeed.com/jobs?q=Hadoop&l=united+states","","",""
"1575752064-224","https://github.com/tb0yd/job_dollars/wiki","","","","","","","","","","","","","","","https://resumes.indeed.com/search?l=united%20states&q=R+developer&searchFields=jt%2Cskills","https://resumes.indeed.com/search?l=united%20states&q=R+developer&searchFields=jt%2Cskills","278 resumes"
"1575752357-357","https://github.com/tb0yd/job_dollars/wiki","Entry Level (2045)","","","","","","","","","","","","https://www.indeed.com/jobs?q=C+developer&l=united+states","https://www.indeed.com/jobs?q=C+developer&l=united+states","","",""
"1575752509-428","https://github.com/tb0yd/job_dollars/wiki","","","","Entry Level (9400)","https://www.indeed.com/jobs?q=JavaScript&l=united+states&explvl=entry_level","$50,000+ (7957)$70,000+ (6335)$85,000+ (4701)$95,000+ (3367)$110,000+ (1630)","","","","","","","https://www.indeed.com/jobs?q=JavaScript&l=united+states","https://www.indeed.com/jobs?q=JavaScript&l=united+states","","",""
"1575752123-248","https://github.com/tb0yd/job_dollars/wiki","","","","","","","","","","","","","","","https://resumes.indeed.com/search?l=united%20states&q=C%2B%2B&searchFields=jt%2Cskills","https://resumes.indeed.com/search?l=united%20states&q=C%2B%2B&searchFields=jt%2Cskills","89,284 resumes"
"1575752494-421","https://github.com/tb0yd/job_dollars/wiki","Entry Level (6091)","","","","","","","","","","","","https://www.indeed.com/jobs?q=PHP&l=united+states","https://www.indeed.com/jobs?q=PHP&l=united+states","","",""
"1575752308-333","https://github.com/tb0yd/job_dollars/wiki","Entry Level (513)","","","","","","","","","","","","https://www.indeed.com/jobs?q=Redis&l=united+states","https://www.indeed.com/jobs?q=Redis&l=united+states","","",""
"1575752341-349","https://github.com/tb0yd/job_dollars/wiki","Entry Level (5099)","","","","","","","","","","","","https://www.indeed.com/jobs?q=Spark&l=united+states","https://www.indeed.com/jobs?q=Spark&l=united+states","","",""
"1575752188-276","https://github.com/tb0yd/job_dollars/wiki","","","","Entry Level (69)","https://www.indeed.com/jobs?q=Clojure&l=united+states&explvl=entry_level","$85,500+ (58)$100,200+ (49)$110,300+ (36)$115,300+ (27)$125,600+ (13)","","","","","","","https://www.indeed.com/jobs?q=Clojure&l=united+states","https://www.indeed.com/jobs?q=Clojure&l=united+states","","",""
