web-scraper-order,web-scraper-start-url,jobs_entry,jobs_senior,jobs_mid,Entry Level,Entry Level-href,salaries_entry,Senior Level,Senior Level-href,salaries_senior,Mid Level,Mid Level-href,salaries_mid,job search,job search-href,resume search,resume search-href,resumes
1585672054-623,https://github.com/tb0yd/job_dollars/wiki,"","","","","","","","","",Mid Level (84),https://www.indeed.com/jobs?q=Dart+developer&l=united+states&explvl=mid_level,"$80,000+ (58) $110,500+ (18) $70,800+ (74) $100,000+ (29) $90,000+ (44)",https://www.indeed.com/jobs?q=Dart+developer&l=united+states,https://www.indeed.com/jobs?q=Dart+developer&l=united+states,"","",""
1585671989-561,https://github.com/tb0yd/job_dollars/wiki,"","","",Entry Level (123),https://www.indeed.com/jobs?q=%22Visual+Basic%22+developer&l=united+states&explvl=entry_level,"$75,000+ (85) $85,800+ (64) $60,000+ (109) $90,000+ (53) $100,000+ (29)","","","","","","","https://www.indeed.com/jobs?q=""Visual+Basic""+developer&l=united+states",https://www.indeed.com/jobs?q=%22Visual+Basic%22+developer&l=united+states,"","",""
1585672209-769,https://github.com/tb0yd/job_dollars/wiki,"","","","","","",Senior Level (898),https://www.indeed.com/jobs?q=PHP+developer&l=united+states&explvl=senior_level,"$90,000+ (762) $105,000+ (586) $130,000+ (161) $110,000+ (498) $120,000+ (298)","","","",https://www.indeed.com/jobs?q=PHP+developer&l=united+states,https://www.indeed.com/jobs?q=PHP+developer&l=united+states,"","",""
1585671801-418,https://github.com/tb0yd/job_dollars/wiki,"","","","","","","","","",Mid Level (1047),https://www.indeed.com/jobs?q=Go+developer&l=united+states&explvl=mid_level,"$130,000+ (215) $115,100+ (574) $120,000+ (443) $105,000+ (805) $100,000+ (882)",https://www.indeed.com/jobs?q=Go+developer&l=united+states,https://www.indeed.com/jobs?q=Go+developer&l=united+states,"","",""
1585672271-827,https://github.com/tb0yd/job_dollars/wiki,"","","","","","",Senior Level (823),https://www.indeed.com/jobs?q=iOS+developer&l=united+states&explvl=senior_level,"$135,000+ (133) $105,000+ (566) $95,000+ (668) $120,000+ (330) $115,000+ (409)","","","",https://www.indeed.com/jobs?q=iOS+developer&l=united+states,https://www.indeed.com/jobs?q=iOS+developer&l=united+states,"","",""
1585670765-23,https://github.com/tb0yd/job_dollars/wiki,"","","","","","","","","","","","","","",https://resumes.indeed.com/search?q=AngularJS+developer&l=united+states&searchFields=jt%2Cskills,https://resumes.indeed.com/search?q=AngularJS+developer&l=united+states&searchFields=jt%2Cskills,758 resumes
1585672213-774,https://github.com/tb0yd/job_dollars/wiki,"","","",Entry Level (1673),https://www.indeed.com/jobs?q=PHP+developer&l=united+states&explvl=entry_level,"$50,000+ (1428) $85,000+ (575) $95,000+ (357) $70,000+ (930) $65,000+ (1133)","","","","","","",https://www.indeed.com/jobs?q=PHP+developer&l=united+states,https://www.indeed.com/jobs?q=PHP+developer&l=united+states,"","",""
1585672034-598,https://github.com/tb0yd/job_dollars/wiki,"","","",Entry Level (98),https://www.indeed.com/jobs?q=LAMP+developer&l=united+states&explvl=entry_level,"$70,200+ (60) $95,800+ (19) $65,000+ (70) $85,100+ (37) $57,300+ (83)","","","","","","",https://www.indeed.com/jobs?q=LAMP+developer&l=united+states,https://www.indeed.com/jobs?q=LAMP+developer&l=united+states,"","",""
1585671913-507,https://github.com/tb0yd/job_dollars/wiki,"","","","","","","","","",Mid Level (14),https://www.indeed.com/jobs?q=GAE+developer&l=united+states&explvl=mid_level,"$140,800+ (5) $117,400+ (12) $154,100+ (3) $120,600+ (11) $138,300+ (8)",https://www.indeed.com/jobs?q=GAE+developer&l=united+states,https://www.indeed.com/jobs?q=GAE+developer&l=united+states,"","",""
1585671419-178,https://github.com/tb0yd/job_dollars/wiki,"","","","","","",Senior Level (3),https://www.indeed.com/jobs?q=%22Windows+Phone%22+developer&l=united+states&explvl=senior_level,"$155,900+ (1)","","","","https://www.indeed.com/jobs?q=""Windows+Phone""+developer&l=united+states",https://www.indeed.com/jobs?q=%22Windows+Phone%22+developer&l=united+states,"","",""
1585672168-737,https://github.com/tb0yd/job_dollars/wiki,"","","","","","",Senior Level (88),https://www.indeed.com/jobs?q=WordPress+developer&l=united+states&explvl=senior_level,"$121,500+ (18) $90,500+ (60) $105,600+ (35) $95,200+ (51) $75,200+ (79)","","","",https://www.indeed.com/jobs?q=WordPress+developer&l=united+states,https://www.indeed.com/jobs?q=WordPress+developer&l=united+states,"","",""
1585671917-509,https://github.com/tb0yd/job_dollars/wiki,"","","","","","",Senior Level (4),https://www.indeed.com/jobs?q=GAE+developer&l=united+states&explvl=senior_level,"$129,700+ (3)","","","",https://www.indeed.com/jobs?q=GAE+developer&l=united+states,https://www.indeed.com/jobs?q=GAE+developer&l=united+states,"","",""
1585672087-658,https://github.com/tb0yd/job_dollars/wiki,"","","","","","","","","",Mid Level (11957),https://www.indeed.com/jobs?q=C%23+developer&l=united+states&explvl=mid_level,"$100,000+ (6797) $85,000+ (10168) $110,000+ (4153) $115,000+ (2968) $95,000+ (8149)",https://www.indeed.com/jobs?q=C%23+developer&l=united+states,https://www.indeed.com/jobs?q=C%23+developer&l=united+states,"","",""
1585671495-225,https://github.com/tb0yd/job_dollars/wiki,"","","","","","",Senior Level (810),https://www.indeed.com/jobs?q=Salesforce+developer&l=united+states&explvl=senior_level,"$95,000+ (684) $125,000+ (321) $140,000+ (147) $110,000+ (546) $115,000+ (464)","","","",https://www.indeed.com/jobs?q=Salesforce+developer&l=united+states,https://www.indeed.com/jobs?q=Salesforce+developer&l=united+states,"","",""
1585671605-330,https://github.com/tb0yd/job_dollars/wiki,"","","","","","",Senior Level (335),https://www.indeed.com/jobs?q=ReactJS+developer&l=united+states&explvl=senior_level,"$110,000+ (257) $120,000+ (180) $100,600+ (295) $130,000+ (68) $125,000+ (101)","","","",https://www.indeed.com/jobs?q=ReactJS+developer&l=united+states,https://www.indeed.com/jobs?q=ReactJS+developer&l=united+states,"","",""
1585672160-725,https://github.com/tb0yd/job_dollars/wiki,Entry Level (370),"","","","","","","","","","","",https://www.indeed.com/jobs?q=WordPress+developer&l=united+states,https://www.indeed.com/jobs?q=WordPress+developer&l=united+states,"","",""
1585671601-327,https://github.com/tb0yd/job_dollars/wiki,"","","","","","","","","",Mid Level (764),https://www.indeed.com/jobs?q=ReactJS+developer&l=united+states&explvl=mid_level,"$110,000+ (322) $120,000+ (155) $90,000+ (632) $100,000+ (505) $105,000+ (415)",https://www.indeed.com/jobs?q=ReactJS+developer&l=united+states,https://www.indeed.com/jobs?q=ReactJS+developer&l=united+states,"","",""
1585671882-477,https://github.com/tb0yd/job_dollars/wiki,"","","","","","",Senior Level (2170),https://www.indeed.com/jobs?q=C+developer&l=united+states&explvl=senior_level,"$135,000+ (403) $115,000+ (1124) $120,000+ (902) $105,000+ (1544) $95,000+ (1815)","","","",https://www.indeed.com/jobs?q=C+developer&l=united+states,https://www.indeed.com/jobs?q=C+developer&l=united+states,"","",""
1585671344-131,https://github.com/tb0yd/job_dollars/wiki,"","","",Entry Level (338),https://www.indeed.com/jobs?q=R+developer&l=united+states&explvl=entry_level,"$85,200+ (168) $101,000+ (114) $46,000+ (289) $115,000+ (59) $70,000+ (225)","","","","","","",https://www.indeed.com/jobs?q=R+developer&l=united+states,https://www.indeed.com/jobs?q=R+developer&l=united+states,"","",""
1585672259-810,https://github.com/tb0yd/job_dollars/wiki,"","","",Entry Level (490),https://www.indeed.com/jobs?q=Objective-C+developer&l=united+states&explvl=entry_level,"$60,000+ (338) $90,000+ (196) $110,100+ (84) $100,000+ (133) $75,100+ (282)","","","","","","",https://www.indeed.com/jobs?q=Objective-C+developer&l=united+states,https://www.indeed.com/jobs?q=Objective-C+developer&l=united+states,"","",""
1585671904-497,https://github.com/tb0yd/job_dollars/wiki,"","","",Entry Level (997),https://www.indeed.com/jobs?q=Azure+developer&l=united+states&explvl=entry_level,"$90,000+ (735) $80,000+ (838) $125,000+ (177) $100,000+ (567) $110,000+ (380)","","","","","","",https://www.indeed.com/jobs?q=Azure+developer&l=united+states,https://www.indeed.com/jobs?q=Azure+developer&l=united+states,"","",""
1585671983-558,https://github.com/tb0yd/job_dollars/wiki,"","","","","","",Senior Level (76),https://www.indeed.com/jobs?q=%22Visual+Basic%22+developer&l=united+states&explvl=senior_level,"$106,300+ (30) $100,200+ (43) $95,500+ (51) $85,400+ (67) $115,000+ (14)","","","","https://www.indeed.com/jobs?q=""Visual+Basic""+developer&l=united+states",https://www.indeed.com/jobs?q=%22Visual+Basic%22+developer&l=united+states,"","",""
1585671251-82,https://github.com/tb0yd/job_dollars/wiki,"","",Mid Level (160),"","","","","","","","","",https://www.indeed.com/jobs?q=Rust+developer&l=united+states,https://www.indeed.com/jobs?q=Rust+developer&l=united+states,"","",""
1585672070-642,https://github.com/tb0yd/job_dollars/wiki,"","","","","","","","","",Mid Level (32),https://www.indeed.com/jobs?q=F%23+developer&l=united+states&explvl=mid_level,"$110,900+ (17) $91,600+ (28) $126,500+ (6) $100,100+ (23) $116,100+ (9)",https://www.indeed.com/jobs?q=F%23+developer&l=united+states,https://www.indeed.com/jobs?q=F%23+developer&l=united+states,"","",""
1585672250-808,https://github.com/tb0yd/job_dollars/wiki,"","","","","","",Senior Level (747),https://www.indeed.com/jobs?q=Objective-C+developer&l=united+states&explvl=senior_level,"$120,000+ (295) $105,000+ (497) $90,000+ (625) $115,000+ (364) $135,000+ (139)","","","",https://www.indeed.com/jobs?q=Objective-C+developer&l=united+states,https://www.indeed.com/jobs?q=Objective-C+developer&l=united+states,"","",""
1585671806-420,https://github.com/tb0yd/job_dollars/wiki,"","","","","","",Senior Level (454),https://www.indeed.com/jobs?q=Go+developer&l=united+states&explvl=senior_level,"$115,000+ (331) $130,000+ (175) $140,300+ (88) $125,000+ (226) $110,100+ (376)","","","",https://www.indeed.com/jobs?q=Go+developer&l=united+states,https://www.indeed.com/jobs?q=Go+developer&l=united+states,"","",""
1585671282-105,https://github.com/tb0yd/job_dollars/wiki,"","","","","","","","","",Mid Level (72),https://www.indeed.com/jobs?q=Clojure+developer&l=united+states&explvl=mid_level,"$125,900+ (12) $117,500+ (23) $110,000+ (42) $105,400+ (49) $98,600+ (59)",https://www.indeed.com/jobs?q=Clojure+developer&l=united+states,https://www.indeed.com/jobs?q=Clojure+developer&l=united+states,"","",""
1585672015-584,https://github.com/tb0yd/job_dollars/wiki,"",Senior Level (58),"","","","","","","","","","",https://www.indeed.com/jobs?q=LAMP+developer&l=united+states,https://www.indeed.com/jobs?q=LAMP+developer&l=united+states,"","",""
1585671305-120,https://github.com/tb0yd/job_dollars/wiki,"","","","","","","","","",Mid Level (1060),https://www.indeed.com/jobs?q=R+developer&l=united+states&explvl=mid_level,"$90,000+ (775) $80,000+ (887) $120,000+ (230) $110,000+ (392) $100,000+ (577)",https://www.indeed.com/jobs?q=R+developer&l=united+states,https://www.indeed.com/jobs?q=R+developer&l=united+states,"","",""
1585671511-244,https://github.com/tb0yd/job_dollars/wiki,"","","","","","",Senior Level (549),https://www.indeed.com/jobs?q=Cassandra+developer&l=united+states&explvl=senior_level,"$120,000+ (368) $110,300+ (457) $125,000+ (287) $130,000+ (221) $140,000+ (119)","","","",https://www.indeed.com/jobs?q=Cassandra+developer&l=united+states,https://www.indeed.com/jobs?q=Cassandra+developer&l=united+states,"","",""
1585672021-589,https://github.com/tb0yd/job_dollars/wiki,"","","","","","","","","",Mid Level (319),https://www.indeed.com/jobs?q=LAMP+developer&l=united+states&explvl=mid_level,"$100,400+ (111) $90,400+ (160) $70,000+ (270) $80,000+ (235) $115,000+ (59)",https://www.indeed.com/jobs?q=LAMP+developer&l=united+states,https://www.indeed.com/jobs?q=LAMP+developer&l=united+states,"","",""
1585671929-516,https://github.com/tb0yd/job_dollars/wiki,"","","","","","","","","",Mid Level (10976),https://www.indeed.com/jobs?q=AWS+developer&l=united+states&explvl=mid_level,"$115,000+ (5772) $120,000+ (4360) $130,000+ (2150) $105,000+ (8270) $100,000+ (9120)",https://www.indeed.com/jobs?q=AWS+developer&l=united+states,https://www.indeed.com/jobs?q=AWS+developer&l=united+states,"","",""
1585671472-210,https://github.com/tb0yd/job_dollars/wiki,"","","","","","",Senior Level (699),https://www.indeed.com/jobs?q=Scala+developer&l=united+states&explvl=senior_level,"$135,000+ (252) $110,000+ (593) $125,200+ (398) $145,000+ (122) $120,000+ (486)","","","",https://www.indeed.com/jobs?q=Scala+developer&l=united+states,https://www.indeed.com/jobs?q=Scala+developer&l=united+states,"","",""
1585672143-713,https://github.com/tb0yd/job_dollars/wiki,"","","","","","","","","",Mid Level (2907),https://www.indeed.com/jobs?q=Android+developer&l=united+states&explvl=mid_level,"$110,000+ (1109) $95,000+ (1997) $120,000+ (589) $100,000+ (1709) $85,000+ (2432)",https://www.indeed.com/jobs?q=Android+developer&l=united+states,https://www.indeed.com/jobs?q=Android+developer&l=united+states,"","",""
1585671553-289,https://github.com/tb0yd/job_dollars/wiki,Entry Level (21),"","","","","","","","","","","",https://www.indeed.com/jobs?q=Raspberry+Pi+developer&l=united+states,https://www.indeed.com/jobs?q=Raspberry+Pi+developer&l=united+states,"","",""
1585671798-411,https://github.com/tb0yd/job_dollars/wiki,Entry Level (282),"","","","","","","","","","","",https://www.indeed.com/jobs?q=Go+developer&l=united+states,https://www.indeed.com/jobs?q=Go+developer&l=united+states,"","",""
1585671335-125,https://github.com/tb0yd/job_dollars/wiki,"","","","","","",Senior Level (337),https://www.indeed.com/jobs?q=R+developer&l=united+states&explvl=senior_level,"$105,000+ (251) $95,600+ (280) $115,000+ (170) $120,100+ (127) $130,500+ (67)","","","",https://www.indeed.com/jobs?q=R+developer&l=united+states,https://www.indeed.com/jobs?q=R+developer&l=united+states,"","",""
1585671515-248,https://github.com/tb0yd/job_dollars/wiki,"","","",Entry Level (252),https://www.indeed.com/jobs?q=Cassandra+developer&l=united+states&explvl=entry_level,"$90,000+ (193) $115,400+ (95) $110,100+ (124) $100,000+ (164) $125,000+ (52)","","","","","","",https://www.indeed.com/jobs?q=Cassandra+developer&l=united+states,https://www.indeed.com/jobs?q=Cassandra+developer&l=united+states,"","",""
1585671590-317,https://github.com/tb0yd/job_dollars/wiki,"","","",Entry Level (9),https://www.indeed.com/jobs?q=Arduino+developer&l=united+states&explvl=entry_level,"$83,700+ (7) $95,000+ (5) $70,700+ (8) $116,900+ (1) $103,600+ (4)","","","","","","",https://www.indeed.com/jobs?q=Arduino+developer&l=united+states,https://www.indeed.com/jobs?q=Arduino+developer&l=united+states,"","",""
1585672199-761,https://github.com/tb0yd/job_dollars/wiki,Entry Level (1673),"","","","","","","","","","","",https://www.indeed.com/jobs?q=PHP+developer&l=united+states,https://www.indeed.com/jobs?q=PHP+developer&l=united+states,"","",""
1585672263-815,https://github.com/tb0yd/job_dollars/wiki,Entry Level (863),"","","","","","","","","","","",https://www.indeed.com/jobs?q=iOS+developer&l=united+states,https://www.indeed.com/jobs?q=iOS+developer&l=united+states,"","",""
1585670384-4,https://github.com/tb0yd/job_dollars/wiki,"","","","","","","","","","","","","","",https://resumes.indeed.com/search?q=Clojure+developer&l=united+states&searchFields=jt%2Cskills,https://resumes.indeed.com/search?q=Clojure+developer&l=united+states&searchFields=jt%2Cskills,11 resumes
1585672027-591,https://github.com/tb0yd/job_dollars/wiki,"","","","","","",Senior Level (58),https://www.indeed.com/jobs?q=LAMP+developer&l=united+states&explvl=senior_level,"$90,500+ (51) $125,000+ (24) $105,100+ (43) $115,000+ (31) $131,400+ (19)","","","",https://www.indeed.com/jobs?q=LAMP+developer&l=united+states,https://www.indeed.com/jobs?q=LAMP+developer&l=united+states,"","",""
1585671938-526,https://github.com/tb0yd/job_dollars/wiki,"","","",Entry Level (2281),https://www.indeed.com/jobs?q=AWS+developer&l=united+states&explvl=entry_level,"$105,000+ (1307) $115,000+ (852) $125,000+ (425) $85,000+ (1896) $100,000+ (1500)","","","","","","",https://www.indeed.com/jobs?q=AWS+developer&l=united+states,https://www.indeed.com/jobs?q=AWS+developer&l=united+states,"","",""
1585671864-462,https://github.com/tb0yd/job_dollars/wiki,"","","",Entry Level (312),https://www.indeed.com/jobs?q=AngularJS+developer&l=united+states&explvl=entry_level,"$90,000+ (192) $85,000+ (225) $100,000+ (117) $110,000+ (61) $75,200+ (260)","","","","","","",https://www.indeed.com/jobs?q=AngularJS+developer&l=united+states,https://www.indeed.com/jobs?q=AngularJS+developer&l=united+states,"","",""
1585672128-693,https://github.com/tb0yd/job_dollars/wiki,"","","","","","","","","",Mid Level (136),https://www.indeed.com/jobs?q=Cordova+developer&l=united+states&explvl=mid_level,"$85,300+ (95) $80,000+ (112) $90,000+ (84) $95,000+ (61) $115,000+ (24)",https://www.indeed.com/jobs?q=Cordova+developer&l=united+states,https://www.indeed.com/jobs?q=Cordova+developer&l=united+states,"","",""
1585671570-306,https://github.com/tb0yd/job_dollars/wiki,"","","",Entry Level (21),https://www.indeed.com/jobs?q=Raspberry+Pi+developer&l=united+states&explvl=entry_level,"$111,200+ (3) $98,700+ (9) $102,200+ (8) $51,500+ (15) $65,000+ (12)","","","","","","",https://www.indeed.com/jobs?q=Raspberry+Pi+developer&l=united+states,https://www.indeed.com/jobs?q=Raspberry+Pi+developer&l=united+states,"","",""
1585671778-402,https://github.com/tb0yd/job_dollars/wiki,"","","","","","",Senior Level (17),https://www.indeed.com/jobs?q=Haskell+developer&l=united+states&explvl=senior_level,"$120,500+ (12) $140,000+ (4) $135,200+ (7) $111,700+ (14) $130,200+ (8)","","","",https://www.indeed.com/jobs?q=Haskell+developer&l=united+states,https://www.indeed.com/jobs?q=Haskell+developer&l=united+states,"","",""
1585671168-47,https://github.com/tb0yd/job_dollars/wiki,"","","","","","","","","",Mid Level (13037),https://www.indeed.com/jobs?q=Python+developer&l=united+states&explvl=mid_level,"$90,000+ (11004) $125,000+ (2965) $110,000+ (6790) $100,000+ (9280) $115,000+ (5446)",https://www.indeed.com/jobs?q=Python+developer&l=united+states,https://www.indeed.com/jobs?q=Python+developer&l=united+states,"","",""
1585672156-720,https://github.com/tb0yd/job_dollars/wiki,"","","",Entry Level (855),https://www.indeed.com/jobs?q=Android+developer&l=united+states&explvl=entry_level,"$70,000+ (690) $95,000+ (427) $105,000+ (289) $115,000+ (146) $80,000+ (596)","","","","","","",https://www.indeed.com/jobs?q=Android+developer&l=united+states,https://www.indeed.com/jobs?q=Android+developer&l=united+states,"","",""
1585672001-573,https://github.com/tb0yd/job_dollars/wiki,"","","","","","",Senior Level (1410),https://www.indeed.com/jobs?q=%22SQL+Server%22+developer&l=united+states&explvl=senior_level,"$90,000+ (1241) $125,000+ (247) $115,000+ (490) $105,000+ (887) $100,000+ (1035)","","","","https://www.indeed.com/jobs?q=""SQL+Server""+developer&l=united+states",https://www.indeed.com/jobs?q=%22SQL+Server%22+developer&l=united+states,"","",""
1585671810-426,https://github.com/tb0yd/job_dollars/wiki,"","","",Entry Level (282),https://www.indeed.com/jobs?q=Go+developer&l=united+states&explvl=entry_level,"$110,100+ (142) $115,100+ (117) $130,000+ (50) $85,000+ (237) $100,000+ (188)","","","","","","",https://www.indeed.com/jobs?q=Go+developer&l=united+states,https://www.indeed.com/jobs?q=Go+developer&l=united+states,"","",""
1585671710-367,https://github.com/tb0yd/job_dollars/wiki,"","","","","","",Senior Level (276),https://www.indeed.com/jobs?q=Redis+developer&l=united+states&explvl=senior_level,"$125,100+ (140) $140,000+ (54) $105,800+ (228) $130,500+ (110) $115,000+ (195)","","","",https://www.indeed.com/jobs?q=Redis+developer&l=united+states,https://www.indeed.com/jobs?q=Redis+developer&l=united+states,"","",""
1585670998-34,https://github.com/tb0yd/job_dollars/wiki,"","","","","","","","","","","","","","",https://resumes.indeed.com/search?q=C%23+developer&l=united+states&searchFields=jt%2Cskills,https://resumes.indeed.com/search?q=C%23+developer&l=united+states&searchFields=jt%2Cskills,"2,538 resumes"
1585672007-580,https://github.com/tb0yd/job_dollars/wiki,"","","",Entry Level (978),https://www.indeed.com/jobs?q=%22SQL+Server%22+developer&l=united+states&explvl=entry_level,"$85,000+ (555) $65,000+ (848) $80,000+ (664) $100,000+ (222) $90,000+ (421)","","","","","","","https://www.indeed.com/jobs?q=""SQL+Server""+developer&l=united+states",https://www.indeed.com/jobs?q=%22SQL+Server%22+developer&l=united+states,"","",""
1585671462-202,https://github.com/tb0yd/job_dollars/wiki,"","","","","","","","","",Mid Level (1582),https://www.indeed.com/jobs?q=Scala+developer&l=united+states&explvl=mid_level,"$100,000+ (1355) $130,000+ (401) $125,000+ (547) $110,000+ (1102) $115,000+ (933)",https://www.indeed.com/jobs?q=Scala+developer&l=united+states,https://www.indeed.com/jobs?q=Scala+developer&l=united+states,"","",""
1585671503-237,https://github.com/tb0yd/job_dollars/wiki,"","",Mid Level (908),"","","","","","","","","",https://www.indeed.com/jobs?q=Cassandra+developer&l=united+states,https://www.indeed.com/jobs?q=Cassandra+developer&l=united+states,"","",""
1585671428-185,https://github.com/tb0yd/job_dollars/wiki,"","",Mid Level (31),"","","","","","","","","",https://www.indeed.com/jobs?q=CoffeeScript+developer&l=united+states,https://www.indeed.com/jobs?q=CoffeeScript+developer&l=united+states,"","",""
1585671528-263,https://github.com/tb0yd/job_dollars/wiki,"","","","","","",Senior Level (646),https://www.indeed.com/jobs?q=Perl+developer&l=united+states&explvl=senior_level,"$115,100+ (349) $110,000+ (418) $130,000+ (131) $95,100+ (540) $120,000+ (268)","","","",https://www.indeed.com/jobs?q=Perl+developer&l=united+states,https://www.indeed.com/jobs?q=Perl+developer&l=united+states,"","",""
1585671241-79,https://github.com/tb0yd/job_dollars/wiki,"","","",Entry Level (157),https://www.indeed.com/jobs?q=Matlab+developer&l=united+states&explvl=entry_level,"$110,600+ (29) $80,000+ (109) $90,000+ (84) $100,200+ (52) $65,300+ (132)","","","","","","",https://www.indeed.com/jobs?q=Matlab+developer&l=united+states,https://www.indeed.com/jobs?q=Matlab+developer&l=united+states,"","",""
1585671402-166,https://github.com/tb0yd/job_dollars/wiki,"","","",Entry Level (666),https://www.indeed.com/jobs?q=Hadoop+developer&l=united+states&explvl=entry_level,"$90,000+ (484) $80,000+ (555) $105,100+ (331) $110,000+ (260) $120,000+ (152)","","","","","","",https://www.indeed.com/jobs?q=Hadoop+developer&l=united+states,https://www.indeed.com/jobs?q=Hadoop+developer&l=united+states,"","",""
1585671350-135,https://github.com/tb0yd/job_dollars/wiki,"",Senior Level (483),"","","","","","","","","","",https://www.indeed.com/jobs?q=SharePoint+developer&l=united+states,https://www.indeed.com/jobs?q=SharePoint+developer&l=united+states,"","",""
1585671582-313,https://github.com/tb0yd/job_dollars/wiki,"","","","","","","","","",Mid Level (22),https://www.indeed.com/jobs?q=Arduino+developer&l=united+states&explvl=mid_level,"$108,800+ (8) $91,300+ (13) $119,200+ (4) $71,600+ (18) $87,900+ (14)",https://www.indeed.com/jobs?q=Arduino+developer&l=united+states,https://www.indeed.com/jobs?q=Arduino+developer&l=united+states,"","",""
1585671201-63,https://github.com/tb0yd/job_dollars/wiki,"",Senior Level (155),"","","","","","","","","","",https://www.indeed.com/jobs?q=Matlab+developer&l=united+states,https://www.indeed.com/jobs?q=Matlab+developer&l=united+states,"","",""
1585672101-671,https://github.com/tb0yd/job_dollars/wiki,Entry Level (576),"","","","","","","","","","","",https://www.indeed.com/jobs?q=MongoDB+developer&l=united+states,https://www.indeed.com/jobs?q=MongoDB+developer&l=united+states,"","",""
1585672062-635,https://github.com/tb0yd/job_dollars/wiki,"","","",Entry Level (21),https://www.indeed.com/jobs?q=Dart+developer&l=united+states&explvl=entry_level,"$110,200+ (7) $115,700+ (2) $71,600+ (16) $75,800+ (13) $90,000+ (10)","","","","","","",https://www.indeed.com/jobs?q=Dart+developer&l=united+states,https://www.indeed.com/jobs?q=Dart+developer&l=united+states,"","",""
1585671970-547,https://github.com/tb0yd/job_dollars/wiki,Entry Level (123),"","","","","","","","","","","","https://www.indeed.com/jobs?q=""Visual+Basic""+developer&l=united+states",https://www.indeed.com/jobs?q=%22Visual+Basic%22+developer&l=united+states,"","",""
1585671251-80,https://github.com/tb0yd/job_dollars/wiki,Entry Level (73),"","","","","","","","","","","",https://www.indeed.com/jobs?q=Rust+developer&l=united+states,https://www.indeed.com/jobs?q=Rust+developer&l=united+states,"","",""
1585671447-196,https://github.com/tb0yd/job_dollars/wiki,"","","",Entry Level (5),https://www.indeed.com/jobs?q=CoffeeScript+developer&l=united+states&explvl=entry_level,"$84,500+ (3) $105,600+ (1) $94,300+ (2)","","","","","","",https://www.indeed.com/jobs?q=CoffeeScript+developer&l=united+states,https://www.indeed.com/jobs?q=CoffeeScript+developer&l=united+states,"","",""
1585671729-375,https://github.com/tb0yd/job_dollars/wiki,Entry Level (506),"","","","","","","","","","","",https://www.indeed.com/jobs?q=Node%2Ejs+developer&l=united+states,https://www.indeed.com/jobs?q=Node%2Ejs+developer&l=united+states,"","",""
1585671823-440,https://github.com/tb0yd/job_dollars/wiki,"","","","","","",Senior Level (945),https://www.indeed.com/jobs?q=Spark+developer&l=united+states&explvl=senior_level,"$135,000+ (314) $110,000+ (771) $145,100+ (160) $115,000+ (698) $125,000+ (504)","","","",https://www.indeed.com/jobs?q=Spark+developer&l=united+states,https://www.indeed.com/jobs?q=Spark+developer&l=united+states,"","",""
1585671798-413,https://github.com/tb0yd/job_dollars/wiki,"","",Mid Level (1047),"","","","","","","","","",https://www.indeed.com/jobs?q=Go+developer&l=united+states,https://www.indeed.com/jobs?q=Go+developer&l=united+states,"","",""
1585672276-828,https://github.com/tb0yd/job_dollars/wiki,"","","",Entry Level (863),https://www.indeed.com/jobs?q=iOS+developer&l=united+states&explvl=entry_level,"$65,000+ (604) $80,000+ (487) $100,000+ (266) $90,000+ (385) $110,000+ (158)","","","","","","",https://www.indeed.com/jobs?q=iOS+developer&l=united+states,https://www.indeed.com/jobs?q=iOS+developer&l=united+states,"","",""
1585671950-531,https://github.com/tb0yd/job_dollars/wiki,"","",Mid Level (5492),"","","","","","","","","",https://www.indeed.com/jobs?q=C%2B%2B+developer&l=united+states,https://www.indeed.com/jobs?q=C%2B%2B+developer&l=united+states,"","",""
1585671959-538,https://github.com/tb0yd/job_dollars/wiki,"","","","","","",Senior Level (2129),https://www.indeed.com/jobs?q=C%2B%2B+developer&l=united+states&explvl=senior_level,"$110,000+ (1530) $120,000+ (1043) $100,000+ (1825) $125,000+ (821) $135,000+ (433)","","","",https://www.indeed.com/jobs?q=C%2B%2B+developer&l=united+states,https://www.indeed.com/jobs?q=C%2B%2B+developer&l=united+states,"","",""
1585672244-801,https://github.com/tb0yd/job_dollars/wiki,"","","","","","","","","",Mid Level (1690),https://www.indeed.com/jobs?q=Objective-C+developer&l=united+states&explvl=mid_level,"$90,000+ (1148) $120,000+ (314) $100,000+ (864) $80,000+ (1363) $110,000+ (571)",https://www.indeed.com/jobs?q=Objective-C+developer&l=united+states,https://www.indeed.com/jobs?q=Objective-C+developer&l=united+states,"","",""
1585672186-755,https://github.com/tb0yd/job_dollars/wiki,"","","","","","",Senior Level (4288),https://www.indeed.com/jobs?q=SQL+developer&l=united+states&explvl=senior_level,"$125,000+ (999) $115,000+ (1833) $110,000+ (2357) $105,000+ (2861) $95,000+ (3542)","","","",https://www.indeed.com/jobs?q=SQL+developer&l=united+states,https://www.indeed.com/jobs?q=SQL+developer&l=united+states,"","",""
1585671407-170,https://github.com/tb0yd/job_dollars/wiki,Entry Level (5),"","","","","","","","","","","","https://www.indeed.com/jobs?q=""Windows+Phone""+developer&l=united+states",https://www.indeed.com/jobs?q=%22Windows+Phone%22+developer&l=united+states,"","",""
1585672105-674,https://github.com/tb0yd/job_dollars/wiki,"","","","","","","","","",Mid Level (1794),https://www.indeed.com/jobs?q=MongoDB+developer&l=united+states&explvl=mid_level,"$90,000+ (1510) $110,000+ (904) $125,000+ (381) $115,000+ (702) $100,000+ (1282)",https://www.indeed.com/jobs?q=MongoDB+developer&l=united+states,https://www.indeed.com/jobs?q=MongoDB+developer&l=united+states,"","",""
1585672075-649,https://github.com/tb0yd/job_dollars/wiki,"","","","","","",Senior Level (10),https://www.indeed.com/jobs?q=F%23+developer&l=united+states&explvl=senior_level,"$138,300+ (2) $97,500+ (9) $101,500+ (8) $121,700+ (4) $107,900+ (6)","","","",https://www.indeed.com/jobs?q=F%23+developer&l=united+states,https://www.indeed.com/jobs?q=F%23+developer&l=united+states,"","",""
1585671475-216,https://github.com/tb0yd/job_dollars/wiki,"","","",Entry Level (342),https://www.indeed.com/jobs?q=Scala+developer&l=united+states&explvl=entry_level,"$125,000+ (66) $115,000+ (159) $90,000+ (278) $110,000+ (195) $105,000+ (222)","","","","","","",https://www.indeed.com/jobs?q=Scala+developer&l=united+states,https://www.indeed.com/jobs?q=Scala+developer&l=united+states,"","",""
1585671719-372,https://github.com/tb0yd/job_dollars/wiki,"","","",Entry Level (188),https://www.indeed.com/jobs?q=Redis+developer&l=united+states&explvl=entry_level,"$100,100+ (91) $105,000+ (76) $90,000+ (122) $80,000+ (157) $120,100+ (35)","","","","","","",https://www.indeed.com/jobs?q=Redis+developer&l=united+states,https://www.indeed.com/jobs?q=Redis+developer&l=united+states,"","",""
1585672172-738,https://github.com/tb0yd/job_dollars/wiki,"","","",Entry Level (370),https://www.indeed.com/jobs?q=WordPress+developer&l=united+states&explvl=entry_level,"$40,000+ (326) $50,000+ (268) $60,000+ (201) $70,200+ (134) $80,000+ (82)","","","","","","",https://www.indeed.com/jobs?q=WordPress+developer&l=united+states,https://www.indeed.com/jobs?q=WordPress+developer&l=united+states,"","",""
1585671813-429,https://github.com/tb0yd/job_dollars/wiki,Entry Level (522),"","","","","","","","","","","",https://www.indeed.com/jobs?q=Spark+developer&l=united+states,https://www.indeed.com/jobs?q=Spark+developer&l=united+states,"","",""
1585670664-19,https://github.com/tb0yd/job_dollars/wiki,"","","","","","","","","","","","","","",https://resumes.indeed.com/search?q=Node%2Ejs+developer&l=united+states&searchFields=jt%2Cskills,https://resumes.indeed.com/search?q=Node%2Ejs+developer&l=united+states&searchFields=jt%2Cskills,758 resumes
1585671217-72,https://github.com/tb0yd/job_dollars/wiki,"","","","","","",Senior Level (155),https://www.indeed.com/jobs?q=Matlab+developer&l=united+states&explvl=senior_level,"$115,000+ (65) $110,100+ (87) $120,100+ (45) $125,800+ (32) $95,100+ (115)","","","",https://www.indeed.com/jobs?q=Matlab+developer&l=united+states,https://www.indeed.com/jobs?q=Matlab+developer&l=united+states,"","",""
1585671817-433,https://github.com/tb0yd/job_dollars/wiki,"","","","","","","","","",Mid Level (2184),https://www.indeed.com/jobs?q=Spark+developer&l=united+states&explvl=mid_level,"$110,000+ (1463) $100,000+ (1806) $130,000+ (503) $115,000+ (1220) $120,000+ (958)",https://www.indeed.com/jobs?q=Spark+developer&l=united+states,https://www.indeed.com/jobs?q=Spark+developer&l=united+states,"","",""
1585671261-83,https://github.com/tb0yd/job_dollars/wiki,"","","","","","","","","",Mid Level (160),https://www.indeed.com/jobs?q=Rust+developer&l=united+states&explvl=mid_level,"$95,100+ (136) $115,200+ (85) $130,100+ (27) $105,300+ (112) $120,000+ (59)",https://www.indeed.com/jobs?q=Rust+developer&l=united+states,https://www.indeed.com/jobs?q=Rust+developer&l=united+states,"","",""
1585672223-786,https://github.com/tb0yd/job_dollars/wiki,"","","","","","","","","",Mid Level (13059),https://www.indeed.com/jobs?q=JavaScript+developer&l=united+states&explvl=mid_level,"$120,000+ (2432) $110,000+ (4548) $80,000+ (11205) $100,000+ (7256) $95,000+ (8537)",https://www.indeed.com/jobs?q=JavaScript+developer&l=united+states,https://www.indeed.com/jobs?q=JavaScript+developer&l=united+states,"","",""
1585671578-308,https://github.com/tb0yd/job_dollars/wiki,"",Senior Level (4),"","","","","","","","","","",https://www.indeed.com/jobs?q=Arduino+developer&l=united+states,https://www.indeed.com/jobs?q=Arduino+developer&l=united+states,"","",""
1585671622-341,https://github.com/tb0yd/job_dollars/wiki,"","",Mid Level (2240),"","","","","","","","","",https://www.indeed.com/jobs?q=Ruby+developer&l=united+states,https://www.indeed.com/jobs?q=Ruby+developer&l=united+states,"","",""
1585671180-55,https://github.com/tb0yd/job_dollars/wiki,"","","","","","",Senior Level (4884),https://www.indeed.com/jobs?q=Python+developer&l=united+states&explvl=senior_level,"$130,000+ (1649) $105,000+ (4071) $115,000+ (3275) $140,000+ (857) $120,000+ (2753)","","","",https://www.indeed.com/jobs?q=Python+developer&l=united+states,https://www.indeed.com/jobs?q=Python+developer&l=united+states,"","",""
1585671909-501,https://github.com/tb0yd/job_dollars/wiki,Entry Level (2),"","","","","","","","","","","",https://www.indeed.com/jobs?q=GAE+developer&l=united+states,https://www.indeed.com/jobs?q=GAE+developer&l=united+states,"","",""
1585672083-655,https://github.com/tb0yd/job_dollars/wiki,"","",Mid Level (11957),"","","","","","","","","",https://www.indeed.com/jobs?q=C%23+developer&l=united+states,https://www.indeed.com/jobs?q=C%23+developer&l=united+states,"","",""
1585672181-746,https://github.com/tb0yd/job_dollars/wiki,"","","","","","","","","",Mid Level (14697),https://www.indeed.com/jobs?q=SQL+developer&l=united+states&explvl=mid_level,"$80,000+ (12463) $90,000+ (10287) $105,000+ (5437) $115,000+ (2856) $95,000+ (8753)",https://www.indeed.com/jobs?q=SQL+developer&l=united+states,https://www.indeed.com/jobs?q=SQL+developer&l=united+states,"","",""
1585671890-484,https://github.com/tb0yd/job_dollars/wiki,"",Senior Level (2243),"","","","","","","","","","",https://www.indeed.com/jobs?q=Azure+developer&l=united+states,https://www.indeed.com/jobs?q=Azure+developer&l=united+states,"","",""
1585671926-513,https://github.com/tb0yd/job_dollars/wiki,"","",Mid Level (10976),"","","","","","","","","",https://www.indeed.com/jobs?q=AWS+developer&l=united+states,https://www.indeed.com/jobs?q=AWS+developer&l=united+states,"","",""
1585671896-487,https://github.com/tb0yd/job_dollars/wiki,"","","","","","","","","",Mid Level (5160),https://www.indeed.com/jobs?q=Azure+developer&l=united+states&explvl=mid_level,"$100,000+ (3537) $125,000+ (942) $90,000+ (4440) $115,000+ (1773) $105,000+ (2942)",https://www.indeed.com/jobs?q=Azure+developer&l=united+states,https://www.indeed.com/jobs?q=Azure+developer&l=united+states,"","",""
1585671964-546,https://github.com/tb0yd/job_dollars/wiki,"","","",Entry Level (1707),https://www.indeed.com/jobs?q=C%2B%2B+developer&l=united+states&explvl=entry_level,"$115,000+ (295) $95,000+ (843) $85,000+ (1097) $70,000+ (1363) $105,000+ (560)","","","","","","",https://www.indeed.com/jobs?q=C%2B%2B+developer&l=united+states,https://www.indeed.com/jobs?q=C%2B%2B+developer&l=united+states,"","",""
1585671900-492,https://github.com/tb0yd/job_dollars/wiki,"","","","","","",Senior Level (2243),https://www.indeed.com/jobs?q=Azure+developer&l=united+states&explvl=senior_level,"$110,000+ (1570) $125,000+ (798) $115,000+ (1297) $100,000+ (1934) $135,000+ (466)","","","",https://www.indeed.com/jobs?q=Azure+developer&l=united+states,https://www.indeed.com/jobs?q=Azure+developer&l=united+states,"","",""
1585671541-278,https://github.com/tb0yd/job_dollars/wiki,"","","","","","","","","",Mid Level (1113),https://www.indeed.com/jobs?q=Swift+developer&l=united+states&explvl=mid_level,"$120,000+ (237) $100,000+ (620) $95,000+ (719) $110,000+ (411) $85,000+ (896)",https://www.indeed.com/jobs?q=Swift+developer&l=united+states,https://www.indeed.com/jobs?q=Swift+developer&l=united+states,"","",""
1585672195-758,https://github.com/tb0yd/job_dollars/wiki,"","","",Entry Level (3688),https://www.indeed.com/jobs?q=SQL+developer&l=united+states&explvl=entry_level,"$85,000+ (2075) $75,000+ (2675) $60,000+ (3297) $105,000+ (738) $95,000+ (1321)","","","","","","",https://www.indeed.com/jobs?q=SQL+developer&l=united+states,https://www.indeed.com/jobs?q=SQL+developer&l=united+states,"","",""
1585670404-7,https://github.com/tb0yd/job_dollars/wiki,"","","","","","","","","","","","","","",https://resumes.indeed.com/search?l=united%20states&q=Hadoop+developer&searchFields=jt%2Cskills,https://resumes.indeed.com/search?l=united%20states&q=Hadoop+developer&searchFields=jt%2Cskills,"1,935 resumes"
1585671393-164,https://github.com/tb0yd/job_dollars/wiki,"","","","","","",Senior Level (1238),https://www.indeed.com/jobs?q=Hadoop+developer&l=united+states&explvl=senior_level,"$140,000+ (267) $120,000+ (713) $105,000+ (1021) $130,000+ (461) $115,000+ (837)","","","",https://www.indeed.com/jobs?q=Hadoop+developer&l=united+states,https://www.indeed.com/jobs?q=Hadoop+developer&l=united+states,"","",""
1585671798-412,https://github.com/tb0yd/job_dollars/wiki,"",Senior Level (454),"","","","","","","","","","",https://www.indeed.com/jobs?q=Go+developer&l=united+states,https://www.indeed.com/jobs?q=Go+developer&l=united+states,"","",""
1585671251-81,https://github.com/tb0yd/job_dollars/wiki,"",Senior Level (68),"","","","","","","","","","",https://www.indeed.com/jobs?q=Rust+developer&l=united+states,https://www.indeed.com/jobs?q=Rust+developer&l=united+states,"","",""
1585671934-520,https://github.com/tb0yd/job_dollars/wiki,"","","","","","",Senior Level (5000),https://www.indeed.com/jobs?q=AWS+developer&l=united+states&explvl=senior_level,"$115,000+ (3689) $130,000+ (2020) $105,000+ (4377) $140,000+ (1115) $125,000+ (2574)","","","",https://www.indeed.com/jobs?q=AWS+developer&l=united+states,https://www.indeed.com/jobs?q=AWS+developer&l=united+states,"","",""
1585671566-301,https://github.com/tb0yd/job_dollars/wiki,"","","","","","",Senior Level (11),https://www.indeed.com/jobs?q=Raspberry+Pi+developer&l=united+states&explvl=senior_level,"$144,700+ (2) $110,600+ (7) $123,400+ (4) $102,500+ (9) $116,000+ (6)","","","",https://www.indeed.com/jobs?q=Raspberry+Pi+developer&l=united+states,https://www.indeed.com/jobs?q=Raspberry+Pi+developer&l=united+states,"","",""
1585671424-181,https://github.com/tb0yd/job_dollars/wiki,"","","",Entry Level (5),https://www.indeed.com/jobs?q=%22Windows+Phone%22+developer&l=united+states&explvl=entry_level,"$100,400+ (2) $96,500+ (3) $85,300+ (4) $141,300+ (1)","","","","","","","https://www.indeed.com/jobs?q=""Windows+Phone""+developer&l=united+states",https://www.indeed.com/jobs?q=%22Windows+Phone%22+developer&l=united+states,"","",""
1585671873-467,https://github.com/tb0yd/job_dollars/wiki,"","",Mid Level (5019),"","","","","","","","","",https://www.indeed.com/jobs?q=C+developer&l=united+states,https://www.indeed.com/jobs?q=C+developer&l=united+states,"","",""
1585671768-398,https://github.com/tb0yd/job_dollars/wiki,"","","","","","","","","",Mid Level (49),https://www.indeed.com/jobs?q=Haskell+developer&l=united+states&explvl=mid_level,"$120,000+ (25) $125,200+ (16) $130,100+ (13) $95,200+ (45) $110,900+ (38)",https://www.indeed.com/jobs?q=Haskell+developer&l=united+states,https://www.indeed.com/jobs?q=Haskell+developer&l=united+states,"","",""
1585671416-176,https://github.com/tb0yd/job_dollars/wiki,"","","","","","","","","",Mid Level (18),https://www.indeed.com/jobs?q=%22Windows+Phone%22+developer&l=united+states&explvl=mid_level,"$110,800+ (7) $119,500+ (3) $95,300+ (13) $85,100+ (15) $100,700+ (11)","https://www.indeed.com/jobs?q=""Windows+Phone""+developer&l=united+states",https://www.indeed.com/jobs?q=%22Windows+Phone%22+developer&l=united+states,"","",""
1585671887-480,https://github.com/tb0yd/job_dollars/wiki,"","","",Entry Level (1593),https://www.indeed.com/jobs?q=C+developer&l=united+states&explvl=entry_level,"$90,000+ (729) $110,000+ (279) $75,000+ (1027) $55,000+ (1271) $95,000+ (607)","","","","","","",https://www.indeed.com/jobs?q=C+developer&l=united+states,https://www.indeed.com/jobs?q=C+developer&l=united+states,"","",""
1585671753-390,https://github.com/tb0yd/job_dollars/wiki,"","","",Entry Level (506),https://www.indeed.com/jobs?q=Node.js+developer&l=united+states&explvl=entry_level,"$100,000+ (256) $105,000+ (198) $75,000+ (424) $115,000+ (102) $90,000+ (348)","","","","","","",https://www.indeed.com/jobs?q=Node%2Ejs+developer&l=united+states,https://www.indeed.com/jobs?q=Node%2Ejs+developer&l=united+states,"","",""
1585671533-268,https://github.com/tb0yd/job_dollars/wiki,"","","",Entry Level (359),https://www.indeed.com/jobs?q=Perl+developer&l=united+states&explvl=entry_level,"$95,200+ (208) $90,000+ (243) $115,500+ (71) $105,200+ (140) $80,000+ (303)","","","","","","",https://www.indeed.com/jobs?q=Perl+developer&l=united+states,https://www.indeed.com/jobs?q=Perl+developer&l=united+states,"","",""
1585671845-454,https://github.com/tb0yd/job_dollars/wiki,"","","","","","","","","",Mid Level (1409),https://www.indeed.com/jobs?q=AngularJS+developer&l=united+states&explvl=mid_level,"$115,000+ (327) $85,000+ (1228) $105,000+ (648) $100,000+ (822) $95,000+ (992)",https://www.indeed.com/jobs?q=AngularJS+developer&l=united+states,https://www.indeed.com/jobs?q=AngularJS+developer&l=united+states,"","",""
1585671437-195,https://github.com/tb0yd/job_dollars/wiki,"","","","","","",Senior Level (8),https://www.indeed.com/jobs?q=CoffeeScript+developer&l=united+states&explvl=senior_level,"$120,600+ (2) $104,500+ (7) $106,700+ (6) $118,100+ (3) $111,200+ (4)","","","",https://www.indeed.com/jobs?q=CoffeeScript+developer&l=united+states,https://www.indeed.com/jobs?q=CoffeeScript+developer&l=united+states,"","",""
1585672096-666,https://github.com/tb0yd/job_dollars/wiki,"","","",Entry Level (2949),https://www.indeed.com/jobs?q=C%23+developer&l=united+states&explvl=entry_level,"$70,000+ (2481) $110,000+ (547) $80,000+ (2184) $100,000+ (1046) $90,000+ (1627)","","","","","","",https://www.indeed.com/jobs?q=C%23+developer&l=united+states,https://www.indeed.com/jobs?q=C%23+developer&l=united+states,"","",""
1585670509-10,https://github.com/tb0yd/job_dollars/wiki,"","","","","","","","","","","","","","",https://resumes.indeed.com/search?l=united%20states&q=Salesforce+developer&searchFields=jt%2Cskills,https://resumes.indeed.com/search?l=united%20states&q=Salesforce+developer&searchFields=jt%2Cskills,"4,480 resumes"
1585671359-138,https://github.com/tb0yd/job_dollars/wiki,"","","","","","","","","",Mid Level (1613),https://www.indeed.com/jobs?q=SharePoint+developer&l=united+states&explvl=mid_level,"$85,000+ (1059) $110,000+ (277) $70,000+ (1406) $90,000+ (874) $100,000+ (537)",https://www.indeed.com/jobs?q=SharePoint+developer&l=united+states,https://www.indeed.com/jobs?q=SharePoint+developer&l=united+states,"","",""
1585671950-530,https://github.com/tb0yd/job_dollars/wiki,"",Senior Level (2129),"","","","","","","","","","",https://www.indeed.com/jobs?q=C%2B%2B+developer&l=united+states,https://www.indeed.com/jobs?q=C%2B%2B+developer&l=united+states,"","",""
1585671979-550,https://github.com/tb0yd/job_dollars/wiki,"","","","","","","","","",Mid Level (392),https://www.indeed.com/jobs?q=%22Visual+Basic%22+developer&l=united+states&explvl=mid_level,"$70,000+ (349) $85,000+ (264) $100,000+ (133) $110,000+ (68) $90,100+ (213)","https://www.indeed.com/jobs?q=""Visual+Basic""+developer&l=united+states",https://www.indeed.com/jobs?q=%22Visual+Basic%22+developer&l=united+states,"","",""
1585671662-342,https://github.com/tb0yd/job_dollars/wiki,"","","","","","","","","",Mid Level (2240),https://www.indeed.com/jobs?q=Ruby+developer&l=united+states&explvl=mid_level,"$90,000+ (1885) $115,000+ (931) $130,000+ (391) $110,000+ (1169) $100,000+ (1595)",https://www.indeed.com/jobs?q=Ruby+developer&l=united+states,https://www.indeed.com/jobs?q=Ruby+developer&l=united+states,"","",""
1585672203-767,https://github.com/tb0yd/job_dollars/wiki,"","","","","","","","","",Mid Level (4223),https://www.indeed.com/jobs?q=PHP+developer&l=united+states&explvl=mid_level,"$100,000+ (1585) $80,000+ (2976) $90,000+ (2310) $70,000+ (3444) $110,000+ (893)",https://www.indeed.com/jobs?q=PHP+developer&l=united+states,https://www.indeed.com/jobs?q=PHP+developer&l=united+states,"","",""
1585671407-171,https://github.com/tb0yd/job_dollars/wiki,"",Senior Level (3),"","","","","","","","","","","https://www.indeed.com/jobs?q=""Windows+Phone""+developer&l=united+states",https://www.indeed.com/jobs?q=%22Windows+Phone%22+developer&l=united+states,"","",""
1585671744-385,https://github.com/tb0yd/job_dollars/wiki,"","","","","","",Senior Level (849),https://www.indeed.com/jobs?q=Node.js+developer&l=united+states&explvl=senior_level,"$120,000+ (467) $130,000+ (293) $115,000+ (579) $105,000+ (715) $140,000+ (178)","","","",https://www.indeed.com/jobs?q=Node%2Ejs+developer&l=united+states,https://www.indeed.com/jobs?q=Node%2Ejs+developer&l=united+states,"","",""
1585671558-295,https://github.com/tb0yd/job_dollars/wiki,"","","","","","","","","",Mid Level (51),https://www.indeed.com/jobs?q=Raspberry+Pi+developer&l=united+states&explvl=mid_level,"$110,000+ (15) $85,000+ (40) $115,500+ (12) $90,700+ (35) $100,000+ (25)",https://www.indeed.com/jobs?q=Raspberry+Pi+developer&l=united+states,https://www.indeed.com/jobs?q=Raspberry+Pi+developer&l=united+states,"","",""
1585671499-231,https://github.com/tb0yd/job_dollars/wiki,"","","",Entry Level (754),https://www.indeed.com/jobs?q=Salesforce+developer&l=united+states&explvl=entry_level,"$65,000+ (458) $60,000+ (631) $75,000+ (374) $100,000+ (182) $90,000+ (258)","","","","","","",https://www.indeed.com/jobs?q=Salesforce+developer&l=united+states,https://www.indeed.com/jobs?q=Salesforce+developer&l=united+states,"","",""
1585672135-706,https://github.com/tb0yd/job_dollars/wiki,"","","",Entry Level (18),https://www.indeed.com/jobs?q=Cordova+developer&l=united+states&explvl=entry_level,"$108,900+ (2) $80,000+ (16) $86,300+ (9) $96,200+ (3) $94,300+ (4)","","","","","","",https://www.indeed.com/jobs?q=Cordova+developer&l=united+states,https://www.indeed.com/jobs?q=Cordova+developer&l=united+states,"","",""
1585671873-466,https://github.com/tb0yd/job_dollars/wiki,"",Senior Level (2170),"","","","","","","","","","",https://www.indeed.com/jobs?q=C+developer&l=united+states,https://www.indeed.com/jobs?q=C+developer&l=united+states,"","",""
1585672267-819,https://github.com/tb0yd/job_dollars/wiki,"","","","","","","","","",Mid Level (2630),https://www.indeed.com/jobs?q=iOS+developer&l=united+states&explvl=mid_level,"$95,000+ (1657) $85,000+ (2030) $100,000+ (1432) $120,000+ (559) $110,000+ (944)",https://www.indeed.com/jobs?q=iOS+developer&l=united+states,https://www.indeed.com/jobs?q=iOS+developer&l=united+states,"","",""
1585672015-583,https://github.com/tb0yd/job_dollars/wiki,Entry Level (98),"","","","","","","","","","","",https://www.indeed.com/jobs?q=LAMP+developer&l=united+states,https://www.indeed.com/jobs?q=LAMP+developer&l=united+states,"","",""
1585672058-628,https://github.com/tb0yd/job_dollars/wiki,"","","","","","",Senior Level (20),https://www.indeed.com/jobs?q=Dart+developer&l=united+states&explvl=senior_level,"$111,500+ (14) $126,100+ (3) $120,400+ (7) $101,700+ (17) $115,000+ (10)","","","",https://www.indeed.com/jobs?q=Dart+developer&l=united+states,https://www.indeed.com/jobs?q=Dart+developer&l=united+states,"","",""
1585670922-30,https://github.com/tb0yd/job_dollars/wiki,"","","","","","","","","","","","","","",https://resumes.indeed.com/search?q=LAMP+developer&l=united+states&searchFields=jt%2Cskills,https://resumes.indeed.com/search?q=LAMP+developer&l=united+states&searchFields=jt%2Cskills,195 resumes
1585672227-788,https://github.com/tb0yd/job_dollars/wiki,"","","","","","",Senior Level (4162),https://www.indeed.com/jobs?q=JavaScript+developer&l=united+states&explvl=senior_level,"$110,000+ (2925) $100,000+ (3521) $125,000+ (1490) $135,000+ (807) $115,000+ (2435)","","","",https://www.indeed.com/jobs?q=JavaScript+developer&l=united+states,https://www.indeed.com/jobs?q=JavaScript+developer&l=united+states,"","",""
1585672132-699,https://github.com/tb0yd/job_dollars/wiki,"","","","","","",Senior Level (28),https://www.indeed.com/jobs?q=Cordova+developer&l=united+states&explvl=senior_level,"$110,000+ (14) $105,000+ (17) $94,100+ (22) $123,700+ (5) $116,200+ (9)","","","",https://www.indeed.com/jobs?q=Cordova+developer&l=united+states,https://www.indeed.com/jobs?q=Cordova+developer&l=united+states,"","",""
1585671850-455,https://github.com/tb0yd/job_dollars/wiki,"","","","","","",Senior Level (480),https://www.indeed.com/jobs?q=AngularJS+developer&l=united+states&explvl=senior_level,"$95,000+ (422) $105,000+ (353) $120,000+ (169) $125,000+ (124) $110,000+ (301)","","","",https://www.indeed.com/jobs?q=AngularJS+developer&l=united+states,https://www.indeed.com/jobs?q=AngularJS+developer&l=united+states,"","",""
1585672263-817,https://github.com/tb0yd/job_dollars/wiki,"","",Mid Level (2630),"","","","","","","","","",https://www.indeed.com/jobs?q=iOS+developer&l=united+states,https://www.indeed.com/jobs?q=iOS+developer&l=united+states,"","",""
1585671487-222,https://github.com/tb0yd/job_dollars/wiki,"","","","","","","","","",Mid Level (2791),https://www.indeed.com/jobs?q=Salesforce+developer&l=united+states&explvl=mid_level,"$100,000+ (1487) $125,000+ (491) $90,000+ (1971) $110,000+ (971) $80,000+ (2345)",https://www.indeed.com/jobs?q=Salesforce+developer&l=united+states,https://www.indeed.com/jobs?q=Salesforce+developer&l=united+states,"","",""
1585670557-13,https://github.com/tb0yd/job_dollars/wiki,"","","","","","","","","","","","","","",https://resumes.indeed.com/search?q=Swift+developer&l=united+states&searchFields=jt%2Cskills,https://resumes.indeed.com/search?q=Swift+developer&l=united+states&searchFields=jt%2Cskills,220 resumes
1585672044-612,https://github.com/tb0yd/job_dollars/wiki,"","","","","","",Senior Level (5401),https://www.indeed.com/jobs?q=Java+developer&l=united+states&explvl=senior_level,"$125,000+ (2108) $120,000+ (2713) $110,000+ (3968) $135,000+ (1105) $100,000+ (4679)","","","",https://www.indeed.com/jobs?q=Java+developer&l=united+states,https://www.indeed.com/jobs?q=Java+developer&l=united+states,"","",""
1585670524-11,https://github.com/tb0yd/job_dollars/wiki,"","","","","","","","","","","","","","",https://resumes.indeed.com/search?q=Cassandra+developer&l=united+states&searchFields=jt%2Cskills,https://resumes.indeed.com/search?q=Cassandra+developer&l=united+states&searchFields=jt%2Cskills,359 resumes
1585671057-38,https://github.com/tb0yd/job_dollars/wiki,"","","","","","","","","","","","","","",https://resumes.indeed.com/search?l=united%20states&q=WordPress+developer&searchFields=jt%2Cskills,https://resumes.indeed.com/search?l=united%20states&q=WordPress+developer&searchFields=jt%2Cskills,"1,383 resumes"
1585671524-256,https://github.com/tb0yd/job_dollars/wiki,"","","","","","","","","",Mid Level (1631),https://www.indeed.com/jobs?q=Perl+developer&l=united+states&explvl=mid_level,"$85,000+ (1387) $125,000+ (318) $105,000+ (913) $115,000+ (576) $100,000+ (1063)",https://www.indeed.com/jobs?q=Perl+developer&l=united+states,https://www.indeed.com/jobs?q=Perl+developer&l=united+states,"","",""
1585671596-321,https://github.com/tb0yd/job_dollars/wiki,Entry Level (180),"","","","","","","","","","","",https://www.indeed.com/jobs?q=ReactJS+developer&l=united+states,https://www.indeed.com/jobs?q=ReactJS+developer&l=united+states,"","",""
1585672118-684,https://github.com/tb0yd/job_dollars/wiki,"","","",Entry Level (576),https://www.indeed.com/jobs?q=MongoDB+developer&l=united+states&explvl=entry_level,"$65,000+ (484) $70,000+ (372) $90,000+ (283) $100,000+ (226) $115,000+ (105)","","","","","","",https://www.indeed.com/jobs?q=MongoDB+developer&l=united+states,https://www.indeed.com/jobs?q=MongoDB+developer&l=united+states,"","",""
1585671520-253,https://github.com/tb0yd/job_dollars/wiki,Entry Level (359),"","","","","","","","","","","",https://www.indeed.com/jobs?q=Perl+developer&l=united+states,https://www.indeed.com/jobs?q=Perl+developer&l=united+states,"","",""
1585671698-362,https://github.com/tb0yd/job_dollars/wiki,"","","","","","","","","",Mid Level (612),https://www.indeed.com/jobs?q=Redis+developer&l=united+states&explvl=mid_level,"$110,000+ (315) $125,000+ (136) $90,200+ (536) $115,000+ (254) $100,000+ (438)",https://www.indeed.com/jobs?q=Redis+developer&l=united+states,https://www.indeed.com/jobs?q=Redis+developer&l=united+states,"","",""
1585671674-351,https://github.com/tb0yd/job_dollars/wiki,"","","","","","",Senior Level (862),https://www.indeed.com/jobs?q=Ruby+developer&l=united+states&explvl=senior_level,"$145,000+ (160) $115,000+ (608) $130,000+ (343) $105,000+ (729) $125,000+ (434)","","","",https://www.indeed.com/jobs?q=Ruby+developer&l=united+states,https://www.indeed.com/jobs?q=Ruby+developer&l=united+states,"","",""
1585671157-44,https://github.com/tb0yd/job_dollars/wiki,Entry Level (4037),"","","","","","","","","","","",https://www.indeed.com/jobs?q=Python+developer&l=united+states,https://www.indeed.com/jobs?q=Python+developer&l=united+states,"","",""
1585670633-17,https://github.com/tb0yd/job_dollars/wiki,"","","","","","","","","","","","","","",https://resumes.indeed.com/search?q=Ruby+developer&l=united+states&searchFields=jt%2Cskills,https://resumes.indeed.com/search?q=Ruby+developer&l=united+states&searchFields=jt%2Cskills,537 resumes
1585671738-378,https://github.com/tb0yd/job_dollars/wiki,"","","","","","","","","",Mid Level (2088),https://www.indeed.com/jobs?q=Node.js+developer&l=united+states&explvl=mid_level,"$90,000+ (1740) $105,000+ (1181) $100,000+ (1394) $115,000+ (705) $125,000+ (375)",https://www.indeed.com/jobs?q=Node%2Ejs+developer&l=united+states,https://www.indeed.com/jobs?q=Node%2Ejs+developer&l=united+states,"","",""
1585671955-534,https://github.com/tb0yd/job_dollars/wiki,"","","","","","","","","",Mid Level (5492),https://www.indeed.com/jobs?q=C%2B%2B+developer&l=united+states&explvl=mid_level,"$105,000+ (3163) $100,000+ (3739) $90,000+ (4590) $115,000+ (1994) $125,000+ (1013)",https://www.indeed.com/jobs?q=C%2B%2B+developer&l=united+states,https://www.indeed.com/jobs?q=C%2B%2B+developer&l=united+states,"","",""
1585671683-352,https://github.com/tb0yd/job_dollars/wiki,"","","",Entry Level (603),https://www.indeed.com/jobs?q=Ruby+developer&l=united+states&explvl=entry_level,"$75,000+ (494) $115,000+ (135) $95,000+ (343) $105,000+ (220) $85,000+ (439)","","","","","","",https://www.indeed.com/jobs?q=Ruby+developer&l=united+states,https://www.indeed.com/jobs?q=Ruby+developer&l=united+states,"","",""
1585672199-762,https://github.com/tb0yd/job_dollars/wiki,"",Senior Level (898),"","","","","","","","","","",https://www.indeed.com/jobs?q=PHP+developer&l=united+states,https://www.indeed.com/jobs?q=PHP+developer&l=united+states,"","",""
1585670680-20,https://github.com/tb0yd/job_dollars/wiki,"","","","","","","","","","","","","","",https://resumes.indeed.com/search?l=united%20states&q=Haskell+developer&searchFields=jt%2Cskills,https://resumes.indeed.com/search?l=united%20states&q=Haskell+developer&searchFields=jt%2Cskills,10 resumes
1585672114-680,https://github.com/tb0yd/job_dollars/wiki,"","","","","","",Senior Level (855),https://www.indeed.com/jobs?q=MongoDB+developer&l=united+states&explvl=senior_level,"$115,000+ (618) $125,000+ (386) $135,000+ (192) $120,000+ (504) $110,000+ (702)","","","",https://www.indeed.com/jobs?q=MongoDB+developer&l=united+states,https://www.indeed.com/jobs?q=MongoDB+developer&l=united+states,"","",""
1585671428-183,https://github.com/tb0yd/job_dollars/wiki,Entry Level (5),"","","","","","","","","","","",https://www.indeed.com/jobs?q=CoffeeScript+developer&l=united+states,https://www.indeed.com/jobs?q=CoffeeScript+developer&l=united+states,"","",""
1585671211-69,https://github.com/tb0yd/job_dollars/wiki,"","","","","","","","","",Mid Level (436),https://www.indeed.com/jobs?q=Matlab+developer&l=united+states&explvl=mid_level,"$115,000+ (96) $85,400+ (354) $105,000+ (171) $95,000+ (287) $100,100+ (230)",https://www.indeed.com/jobs?q=Matlab+developer&l=united+states,https://www.indeed.com/jobs?q=Matlab+developer&l=united+states,"","",""
1585671286-109,https://github.com/tb0yd/job_dollars/wiki,"","","","","","",Senior Level (20),https://www.indeed.com/jobs?q=Clojure+developer&l=united+states&explvl=senior_level,"$115,500+ (9) $122,100+ (6) $101,500+ (17) $113,200+ (11) $109,100+ (12)","","","",https://www.indeed.com/jobs?q=Clojure+developer&l=united+states,https://www.indeed.com/jobs?q=Clojure+developer&l=united+states,"","",""
1585672078-650,https://github.com/tb0yd/job_dollars/wiki,"","","",Entry Level (4),https://www.indeed.com/jobs?q=F%23+developer&l=united+states&explvl=entry_level,"$115,000+ (3) $129,600+ (2) $130,500+ (1)","","","","","","",https://www.indeed.com/jobs?q=F%23+developer&l=united+states,https://www.indeed.com/jobs?q=F%23+developer&l=united+states,"","",""
1585671373-148,https://github.com/tb0yd/job_dollars/wiki,"","","",Entry Level (414),https://www.indeed.com/jobs?q=SharePoint+developer&l=united+states&explvl=entry_level,"$65,000+ (282) $80,200+ (206) $85,200+ (169) $100,000+ (79) $50,200+ (344)","","","","","","",https://www.indeed.com/jobs?q=SharePoint+developer&l=united+states,https://www.indeed.com/jobs?q=SharePoint+developer&l=united+states,"","",""
1585671191-59,https://github.com/tb0yd/job_dollars/wiki,"","","",Entry Level (4037),https://www.indeed.com/jobs?q=Python+developer&l=united+states&explvl=entry_level,"$100,000+ (2066) $75,000+ (3323) $90,000+ (2682) $120,000+ (743) $110,000+ (1358)","","","","","","",https://www.indeed.com/jobs?q=Python+developer&l=united+states,https://www.indeed.com/jobs?q=Python+developer&l=united+states,"","",""
1585671276-95,https://github.com/tb0yd/job_dollars/wiki,"","","",Entry Level (73),https://www.indeed.com/jobs?q=Rust+developer&l=united+states&explvl=entry_level,"$106,400+ (39) $86,200+ (63) $120,900+ (14) $95,500+ (54) $110,300+ (29)","","","","","","",https://www.indeed.com/jobs?q=Rust+developer&l=united+states,https://www.indeed.com/jobs?q=Rust+developer&l=united+states,"","",""
1585671686-358,https://github.com/tb0yd/job_dollars/wiki,"",Senior Level (276),"","","","","","","","","","",https://www.indeed.com/jobs?q=Redis+developer&l=united+states,https://www.indeed.com/jobs?q=Redis+developer&l=united+states,"","",""
1585671831-442,https://github.com/tb0yd/job_dollars/wiki,"","","",Entry Level (522),https://www.indeed.com/jobs?q=Spark+developer&l=united+states&explvl=entry_level,"$85,000+ (436) $125,000+ (93) $115,000+ (204) $100,000+ (345) $105,100+ (300)","","","","","","",https://www.indeed.com/jobs?q=Spark+developer&l=united+states,https://www.indeed.com/jobs?q=Spark+developer&l=united+states,"","",""
1585671289-113,https://github.com/tb0yd/job_dollars/wiki,"","","",Entry Level (15),https://www.indeed.com/jobs?q=Clojure+developer&l=united+states&explvl=entry_level,"$115,400+ (7) $120,900+ (5) $112,500+ (10) $135,000+ (2) $102,500+ (12)","","","","","","",https://www.indeed.com/jobs?q=Clojure+developer&l=united+states,https://www.indeed.com/jobs?q=Clojure+developer&l=united+states,"","",""
1585671272-90,https://github.com/tb0yd/job_dollars/wiki,"","","","","","",Senior Level (68),https://www.indeed.com/jobs?q=Rust+developer&l=united+states&explvl=senior_level,"$121,200+ (38) $130,100+ (25) $101,500+ (59) $115,000+ (46) $140,600+ (12)","","","",https://www.indeed.com/jobs?q=Rust+developer&l=united+states,https://www.indeed.com/jobs?q=Rust+developer&l=united+states,"","",""
1585671545-282,https://github.com/tb0yd/job_dollars/wiki,"","","","","","",Senior Level (412),https://www.indeed.com/jobs?q=Swift+developer&l=united+states&explvl=senior_level,"$130,300+ (143) $110,000+ (279) $100,000+ (334) $120,000+ (206) $145,000+ (82)","","","",https://www.indeed.com/jobs?q=Swift+developer&l=united+states,https://www.indeed.com/jobs?q=Swift+developer&l=united+states,"","",""
1585672140-709,https://github.com/tb0yd/job_dollars/wiki,"","",Mid Level (2907),"","","","","","","","","",https://www.indeed.com/jobs?q=Android+developer&l=united+states,https://www.indeed.com/jobs?q=Android+developer&l=united+states,"","",""
1585672164-732,https://github.com/tb0yd/job_dollars/wiki,"","","","","","","","","",Mid Level (966),https://www.indeed.com/jobs?q=WordPress+developer&l=united+states&explvl=mid_level,"$95,000+ (163) $55,000+ (854) $80,000+ (389) $65,000+ (665) $75,000+ (485)",https://www.indeed.com/jobs?q=WordPress+developer&l=united+states,https://www.indeed.com/jobs?q=WordPress+developer&l=united+states,"","",""
1585671596-322,https://github.com/tb0yd/job_dollars/wiki,"",Senior Level (335),"","","","","","","","","","",https://www.indeed.com/jobs?q=ReactJS+developer&l=united+states,https://www.indeed.com/jobs?q=ReactJS+developer&l=united+states,"","",""
1585672232-793,https://github.com/tb0yd/job_dollars/wiki,"","","",Entry Level (4113),https://www.indeed.com/jobs?q=JavaScript+developer&l=united+states&explvl=entry_level,"$80,000+ (2673) $65,000+ (3358) $110,000+ (742) $100,000+ (1349) $90,000+ (2019)","","","","","","",https://www.indeed.com/jobs?q=JavaScript+developer&l=united+states,https://www.indeed.com/jobs?q=JavaScript+developer&l=united+states,"","",""
1585671997-570,https://github.com/tb0yd/job_dollars/wiki,"","","","","","","","","",Mid Level (5231),https://www.indeed.com/jobs?q=%22SQL+Server%22+developer&l=united+states&explvl=mid_level,"$95,000+ (2876) $110,000+ (1115) $90,000+ (3527) $80,000+ (4392) $100,000+ (2218)","https://www.indeed.com/jobs?q=""SQL+Server""+developer&l=united+states",https://www.indeed.com/jobs?q=%22SQL+Server%22+developer&l=united+states,"","",""
1585671877-470,https://github.com/tb0yd/job_dollars/wiki,"","","","","","","","","",Mid Level (5019),https://www.indeed.com/jobs?q=C+developer&l=united+states&explvl=mid_level,"$100,000+ (2859) $80,000+ (4260) $110,000+ (1900) $95,000+ (3272) $120,000+ (1103)",https://www.indeed.com/jobs?q=C+developer&l=united+states,https://www.indeed.com/jobs?q=C+developer&l=united+states,"","",""
1585670984-33,https://github.com/tb0yd/job_dollars/wiki,"","","","","","","","","","","","","","",https://resumes.indeed.com/search?q=F%23+developer&l=united+states&searchFields=jt%2Cskills,https://resumes.indeed.com/search?q=F%23+developer&l=united+states&searchFields=jt%2Cskills,15 resumes
1585672051-621,https://github.com/tb0yd/job_dollars/wiki,"","",Mid Level (84),"","","","","","","","","",https://www.indeed.com/jobs?q=Dart+developer&l=united+states,https://www.indeed.com/jobs?q=Dart+developer&l=united+states,"","",""
1585671380-154,https://github.com/tb0yd/job_dollars/wiki,"","",Mid Level (3061),"","","","","","","","","",https://www.indeed.com/jobs?q=Hadoop+developer&l=united+states,https://www.indeed.com/jobs?q=Hadoop+developer&l=united+states,"","",""
1585671926-512,https://github.com/tb0yd/job_dollars/wiki,"",Senior Level (5000),"","","","","","","","","","",https://www.indeed.com/jobs?q=AWS+developer&l=united+states,https://www.indeed.com/jobs?q=AWS+developer&l=united+states,"","",""
1585671537-273,https://github.com/tb0yd/job_dollars/wiki,"","",Mid Level (1113),"","","","","","","","","",https://www.indeed.com/jobs?q=Swift+developer&l=united+states,https://www.indeed.com/jobs?q=Swift+developer&l=united+states,"","",""
1585672124-691,https://github.com/tb0yd/job_dollars/wiki,"","",Mid Level (136),"","","","","","","","","",https://www.indeed.com/jobs?q=Cordova+developer&l=united+states,https://www.indeed.com/jobs?q=Cordova+developer&l=united+states,"","",""
1585672219-779,https://github.com/tb0yd/job_dollars/wiki,Entry Level (4113),"","","","","","","","","","","",https://www.indeed.com/jobs?q=JavaScript+developer&l=united+states,https://www.indeed.com/jobs?q=JavaScript+developer&l=united+states,"","",""
1585671520-254,https://github.com/tb0yd/job_dollars/wiki,"",Senior Level (646),"","","","","","","","","","",https://www.indeed.com/jobs?q=Perl+developer&l=united+states,https://www.indeed.com/jobs?q=Perl+developer&l=united+states,"","",""
1585671042-37,https://github.com/tb0yd/job_dollars/wiki,"","","","","","","","","","","","","","",https://resumes.indeed.com/search?l=united%20states&q=Android+developer&searchFields=jt%2Cskills,https://resumes.indeed.com/search?l=united%20states&q=Android+developer&searchFields=jt%2Cskills,"2,479 resumes"
1585671729-377,https://github.com/tb0yd/job_dollars/wiki,"","",Mid Level (2088),"","","","","","","","","",https://www.indeed.com/jobs?q=Node%2Ejs+developer&l=united+states,https://www.indeed.com/jobs?q=Node%2Ejs+developer&l=united+states,"","",""
1585672091-662,https://github.com/tb0yd/job_dollars/wiki,"","","","","","",Senior Level (3450),https://www.indeed.com/jobs?q=C%23+developer&l=united+states&explvl=senior_level,"$105,000+ (2492) $110,000+ (2110) $130,000+ (661) $120,000+ (1299) $95,000+ (3011)","","","",https://www.indeed.com/jobs?q=C%23+developer&l=united+states,https://www.indeed.com/jobs?q=C%23+developer&l=united+states,"","",""
1585671921-510,https://github.com/tb0yd/job_dollars/wiki,"","","",Entry Level (2),https://www.indeed.com/jobs?q=GAE+developer&l=united+states&explvl=entry_level,"$114,900+ (1)","","","","","","",https://www.indeed.com/jobs?q=GAE+developer&l=united+states,https://www.indeed.com/jobs?q=GAE+developer&l=united+states,"","",""
1585672140-707,https://github.com/tb0yd/job_dollars/wiki,Entry Level (855),"","","","","","","","","","","",https://www.indeed.com/jobs?q=Android+developer&l=united+states,https://www.indeed.com/jobs?q=Android+developer&l=united+states,"","",""
1585672148-719,https://github.com/tb0yd/job_dollars/wiki,"","","","","","",Senior Level (959),https://www.indeed.com/jobs?q=Android+developer&l=united+states&explvl=senior_level,"$135,000+ (168) $105,000+ (711) $120,000+ (416) $115,000+ (522) $95,000+ (844)","","","",https://www.indeed.com/jobs?q=Android+developer&l=united+states,https://www.indeed.com/jobs?q=Android+developer&l=united+states,"","",""
1585671890-485,https://github.com/tb0yd/job_dollars/wiki,"","",Mid Level (5160),"","","","","","","","","",https://www.indeed.com/jobs?q=Azure+developer&l=united+states,https://www.indeed.com/jobs?q=Azure+developer&l=united+states,"","",""
1585671549-284,https://github.com/tb0yd/job_dollars/wiki,"","","",Entry Level (391),https://www.indeed.com/jobs?q=Swift+developer&l=united+states&explvl=entry_level,"$70,100+ (260) $80,000+ (217) $90,000+ (170) $100,000+ (112) $110,000+ (68)","","","","","","",https://www.indeed.com/jobs?q=Swift+developer&l=united+states,https://www.indeed.com/jobs?q=Swift+developer&l=united+states,"","",""
1585671298-118,https://github.com/tb0yd/job_dollars/wiki,"","",Mid Level (1060),"","","","","","","","","",https://www.indeed.com/jobs?q=R+developer&l=united+states,https://www.indeed.com/jobs?q=R+developer&l=united+states,"","",""
1585671553-290,https://github.com/tb0yd/job_dollars/wiki,"",Senior Level (11),"","","","","","","","","","",https://www.indeed.com/jobs?q=Raspberry+Pi+developer&l=united+states,https://www.indeed.com/jobs?q=Raspberry+Pi+developer&l=united+states,"","",""
1585672041-607,https://github.com/tb0yd/job_dollars/wiki,"","","","","","","","","",Mid Level (13164),https://www.indeed.com/jobs?q=Java+developer&l=united+states&explvl=mid_level,"$115,000+ (4571) $125,000+ (2348) $105,000+ (7717) $90,000+ (11190) $100,000+ (9199)",https://www.indeed.com/jobs?q=Java+developer&l=united+states,https://www.indeed.com/jobs?q=Java+developer&l=united+states,"","",""
1585671813-431,https://github.com/tb0yd/job_dollars/wiki,"","",Mid Level (2184),"","","","","","","","","",https://www.indeed.com/jobs?q=Spark+developer&l=united+states,https://www.indeed.com/jobs?q=Spark+developer&l=united+states,"","",""
1585671484-217,https://github.com/tb0yd/job_dollars/wiki,Entry Level (754),"","","","","","","","","","","",https://www.indeed.com/jobs?q=Salesforce+developer&l=united+states,https://www.indeed.com/jobs?q=Salesforce+developer&l=united+states,"","",""
1585671841-447,https://github.com/tb0yd/job_dollars/wiki,Entry Level (312),"","","","","","","","","","","",https://www.indeed.com/jobs?q=AngularJS+developer&l=united+states,https://www.indeed.com/jobs?q=AngularJS+developer&l=united+states,"","",""
1585671433-188,https://github.com/tb0yd/job_dollars/wiki,"","","","","","","","","",Mid Level (31),https://www.indeed.com/jobs?q=CoffeeScript+developer&l=united+states&explvl=mid_level,"$110,000+ (18) $122,100+ (7) $116,400+ (11) $87,900+ (29) $102,100+ (24)",https://www.indeed.com/jobs?q=CoffeeScript+developer&l=united+states,https://www.indeed.com/jobs?q=CoffeeScript+developer&l=united+states,"","",""
1585671364-144,https://github.com/tb0yd/job_dollars/wiki,"","","","","","",Senior Level (483),https://www.indeed.com/jobs?q=SharePoint+developer&l=united+states&explvl=senior_level,"$100,400+ (295) $110,000+ (165) $95,000+ (334) $85,000+ (410) $120,100+ (91)","","","",https://www.indeed.com/jobs?q=SharePoint+developer&l=united+states,https://www.indeed.com/jobs?q=SharePoint+developer&l=united+states,"","",""
1585671610-336,https://github.com/tb0yd/job_dollars/wiki,"","","",Entry Level (180),https://www.indeed.com/jobs?q=ReactJS+developer&l=united+states&explvl=entry_level,"$100,000+ (90) $75,000+ (154) $90,800+ (122) $105,000+ (70) $120,000+ (35)","","","","","","",https://www.indeed.com/jobs?q=ReactJS+developer&l=united+states,https://www.indeed.com/jobs?q=ReactJS+developer&l=united+states,"","",""
1585672048-615,https://github.com/tb0yd/job_dollars/wiki,"","","",Entry Level (3718),https://www.indeed.com/jobs?q=Java+developer&l=united+states&explvl=entry_level,"$85,000+ (2598) $95,000+ (1997) $115,000+ (746) $105,000+ (1309) $70,000+ (3076)","","","","","","",https://www.indeed.com/jobs?q=Java+developer&l=united+states,https://www.indeed.com/jobs?q=Java+developer&l=united+states,"","",""
1585672051-620,https://github.com/tb0yd/job_dollars/wiki,"",Senior Level (20),"","","","","","","","","","",https://www.indeed.com/jobs?q=Dart+developer&l=united+states,https://www.indeed.com/jobs?q=Dart+developer&l=united+states,"","",""
1585671873-465,https://github.com/tb0yd/job_dollars/wiki,Entry Level (1593),"","","","","","","","","","","",https://www.indeed.com/jobs?q=C+developer&l=united+states,https://www.indeed.com/jobs?q=C+developer&l=united+states,"","",""
1585672177-745,https://github.com/tb0yd/job_dollars/wiki,"","",Mid Level (14697),"","","","","","","","","",https://www.indeed.com/jobs?q=SQL+developer&l=united+states,https://www.indeed.com/jobs?q=SQL+developer&l=united+states,"","",""
1585670807-25,https://github.com/tb0yd/job_dollars/wiki,"","","","","","","","","","","","","","",https://resumes.indeed.com/search?l=united%20states&q=Azure+developer&searchFields=jt%2Cskills,https://resumes.indeed.com/search?l=united%20states&q=Azure+developer&searchFields=jt%2Cskills,"1,247 resumes"
1585672066-637,https://github.com/tb0yd/job_dollars/wiki,Entry Level (4),"","","","","","","","","","","",https://www.indeed.com/jobs?q=F%23+developer&l=united+states,https://www.indeed.com/jobs?q=F%23+developer&l=united+states,"","",""
1585671157-45,https://github.com/tb0yd/job_dollars/wiki,"",Senior Level (4884),"","","","","","","","","","",https://www.indeed.com/jobs?q=Python+developer&l=united+states,https://www.indeed.com/jobs?q=Python+developer&l=united+states,"","",""
1585670612-16,https://github.com/tb0yd/job_dollars/wiki,"","","","","","","","","","","","","","",https://resumes.indeed.com/search?l=united%20states&q=ReactJS+developer&searchFields=jt%2Cskills,https://resumes.indeed.com/search?l=united%20states&q=ReactJS+developer&searchFields=jt%2Cskills,392 resumes
1585671073-39,https://github.com/tb0yd/job_dollars/wiki,"","","","","","","","","","","","","","",https://resumes.indeed.com/search?q=SQL+developer&l=united+states&searchFields=jt%2Cskills,https://resumes.indeed.com/search?q=SQL+developer&l=united+states&searchFields=jt%2Cskills,"16,200 resumes"
1585670374-1,https://github.com/tb0yd/job_dollars/wiki,"","","","","","","","","","","","","","",https://resumes.indeed.com/search?q=Python+developer&l=united+states&searchFields=jt%2Cskills,https://resumes.indeed.com/search?q=Python+developer&l=united+states&searchFields=jt%2Cskills,"4,401 resumes"
1585671350-136,https://github.com/tb0yd/job_dollars/wiki,"","",Mid Level (1613),"","","","","","","","","",https://www.indeed.com/jobs?q=SharePoint+developer&l=united+states,https://www.indeed.com/jobs?q=SharePoint+developer&l=united+states,"","",""
1585671729-376,https://github.com/tb0yd/job_dollars/wiki,"",Senior Level (849),"","","","","","","","","","",https://www.indeed.com/jobs?q=Node%2Ejs+developer&l=united+states,https://www.indeed.com/jobs?q=Node%2Ejs+developer&l=united+states,"","",""
1585672037-601,https://github.com/tb0yd/job_dollars/wiki,Entry Level (3718),"","","","","","","","","","","",https://www.indeed.com/jobs?q=Java+developer&l=united+states,https://www.indeed.com/jobs?q=Java+developer&l=united+states,"","",""
1585671389-156,https://github.com/tb0yd/job_dollars/wiki,"","","","","","","","","",Mid Level (3061),https://www.indeed.com/jobs?q=Hadoop+developer&l=united+states&explvl=mid_level,"$105,000+ (2117) $110,000+ (1817) $120,000+ (1158) $95,000+ (2585) $130,000+ (573)",https://www.indeed.com/jobs?q=Hadoop+developer&l=united+states,https://www.indeed.com/jobs?q=Hadoop+developer&l=united+states,"","",""
1585671622-340,https://github.com/tb0yd/job_dollars/wiki,"",Senior Level (862),"","","","","","","","","","",https://www.indeed.com/jobs?q=Ruby+developer&l=united+states,https://www.indeed.com/jobs?q=Ruby+developer&l=united+states,"","",""
1585671622-339,https://github.com/tb0yd/job_dollars/wiki,Entry Level (603),"","","","","","","","","","","",https://www.indeed.com/jobs?q=Ruby+developer&l=united+states,https://www.indeed.com/jobs?q=Ruby+developer&l=united+states,"","",""
1585670719-21,https://github.com/tb0yd/job_dollars/wiki,"","","","","","","","","","","","","","",https://resumes.indeed.com/search?l=united%20states&q=Golang+developer&searchFields=jt%2Cskills,https://resumes.indeed.com/search?l=united%20states&q=Golang+developer&searchFields=jt%2Cskills,148 resumes
1585671890-483,https://github.com/tb0yd/job_dollars/wiki,Entry Level (997),"","","","","","","","","","","",https://www.indeed.com/jobs?q=Azure+developer&l=united+states,https://www.indeed.com/jobs?q=Azure+developer&l=united+states,"","",""
1585670381-3,https://github.com/tb0yd/job_dollars/wiki,"","","","","","","","","","","","","","",https://resumes.indeed.com/search?q=Rust+developer&l=united+states&searchFields=jt%2Cskills,https://resumes.indeed.com/search?q=Rust+developer&l=united+states&searchFields=jt%2Cskills,6 resumes
1585671508-241,https://github.com/tb0yd/job_dollars/wiki,"","","","","","","","","",Mid Level (908),https://www.indeed.com/jobs?q=Cassandra+developer&l=united+states&explvl=mid_level,"$120,000+ (338) $130,000+ (170) $110,000+ (568) $100,000+ (728) $115,000+ (447)",https://www.indeed.com/jobs?q=Cassandra+developer&l=united+states,https://www.indeed.com/jobs?q=Cassandra+developer&l=united+states,"","",""
1585670542-12,https://github.com/tb0yd/job_dollars/wiki,"","","","","","","","","","","","","","",https://resumes.indeed.com/search?q=Perl+developer&l=united+states&searchFields=jt%2Cskills,https://resumes.indeed.com/search?q=Perl+developer&l=united+states&searchFields=jt%2Cskills,"1,007 resumes"
1585671484-218,https://github.com/tb0yd/job_dollars/wiki,"",Senior Level (810),"","","","","","","","","","",https://www.indeed.com/jobs?q=Salesforce+developer&l=united+states,https://www.indeed.com/jobs?q=Salesforce+developer&l=united+states,"","",""
1585671790-407,https://github.com/tb0yd/job_dollars/wiki,"","","",Entry Level (28),https://www.indeed.com/jobs?q=Haskell+developer&l=united+states&explvl=entry_level,"$105,400+ (17) $125,100+ (6) $115,900+ (8) $93,100+ (20) $110,100+ (13)","","","","","","",https://www.indeed.com/jobs?q=Haskell+developer&l=united+states,https://www.indeed.com/jobs?q=Haskell+developer&l=united+states,"","",""
1585671553-291,https://github.com/tb0yd/job_dollars/wiki,"","",Mid Level (51),"","","","","","","","","",https://www.indeed.com/jobs?q=Raspberry+Pi+developer&l=united+states,https://www.indeed.com/jobs?q=Raspberry+Pi+developer&l=united+states,"","",""
1585672177-743,https://github.com/tb0yd/job_dollars/wiki,Entry Level (3688),"","","","","","","","","","","",https://www.indeed.com/jobs?q=SQL+developer&l=united+states,https://www.indeed.com/jobs?q=SQL+developer&l=united+states,"","",""
1585671201-64,https://github.com/tb0yd/job_dollars/wiki,"","",Mid Level (436),"","","","","","","","","",https://www.indeed.com/jobs?q=Matlab+developer&l=united+states,https://www.indeed.com/jobs?q=Matlab+developer&l=united+states,"","",""
1585671970-549,https://github.com/tb0yd/job_dollars/wiki,"","",Mid Level (392),"","","","","","","","","","https://www.indeed.com/jobs?q=""Visual+Basic""+developer&l=united+states",https://www.indeed.com/jobs?q=%22Visual+Basic%22+developer&l=united+states,"","",""
1585672066-638,https://github.com/tb0yd/job_dollars/wiki,"",Senior Level (10),"","","","","","","","","","",https://www.indeed.com/jobs?q=F%23+developer&l=united+states,https://www.indeed.com/jobs?q=F%23+developer&l=united+states,"","",""
1585672140-708,https://github.com/tb0yd/job_dollars/wiki,"",Senior Level (959),"","","","","","","","","","",https://www.indeed.com/jobs?q=Android+developer&l=united+states,https://www.indeed.com/jobs?q=Android+developer&l=united+states,"","",""
1585671992-566,https://github.com/tb0yd/job_dollars/wiki,"",Senior Level (1410),"","","","","","","","","","","https://www.indeed.com/jobs?q=""SQL+Server""+developer&l=united+states",https://www.indeed.com/jobs?q=%22SQL+Server%22+developer&l=united+states,"","",""
1585672037-602,https://github.com/tb0yd/job_dollars/wiki,"",Senior Level (5401),"","","","","","","","","","",https://www.indeed.com/jobs?q=Java+developer&l=united+states,https://www.indeed.com/jobs?q=Java+developer&l=united+states,"","",""
1585671503-236,https://github.com/tb0yd/job_dollars/wiki,"",Senior Level (549),"","","","","","","","","","",https://www.indeed.com/jobs?q=Cassandra+developer&l=united+states,https://www.indeed.com/jobs?q=Cassandra+developer&l=united+states,"","",""
1585671503-235,https://github.com/tb0yd/job_dollars/wiki,Entry Level (252),"","","","","","","","","","","",https://www.indeed.com/jobs?q=Cassandra+developer&l=united+states,https://www.indeed.com/jobs?q=Cassandra+developer&l=united+states,"","",""
1585670391-6,https://github.com/tb0yd/job_dollars/wiki,"","","","","","","","","","","","","","",https://resumes.indeed.com/search?l=united%20states&q=SharePoint&searchFields=jt%2Cskills,https://resumes.indeed.com/search?l=united%20states&q=SharePoint&searchFields=jt%2Cskills,"104,809 resumes"
1585672240-799,https://github.com/tb0yd/job_dollars/wiki,"","",Mid Level (1690),"","","","","","","","","",https://www.indeed.com/jobs?q=Objective-C+developer&l=united+states,https://www.indeed.com/jobs?q=Objective-C+developer&l=united+states,"","",""
1585671537-272,https://github.com/tb0yd/job_dollars/wiki,"",Senior Level (412),"","","","","","","","","","",https://www.indeed.com/jobs?q=Swift+developer&l=united+states,https://www.indeed.com/jobs?q=Swift+developer&l=united+states,"","",""
1585670909-29,https://github.com/tb0yd/job_dollars/wiki,"","","","","","","","","","","","","","","https://resumes.indeed.com/search?q=""SQL+Server""+developer&l=united+states&searchFields=jt%2Cskills",https://resumes.indeed.com/search?q=%22SQL+Server%22+developer&l=united+states&searchFields=jt%2Cskills,"7,754 resumes"
1585671201-62,https://github.com/tb0yd/job_dollars/wiki,Entry Level (157),"","","","","","","","","","","",https://www.indeed.com/jobs?q=Matlab+developer&l=united+states,https://www.indeed.com/jobs?q=Matlab+developer&l=united+states,"","",""
1585671759-393,https://github.com/tb0yd/job_dollars/wiki,Entry Level (28),"","","","","","","","","","","",https://www.indeed.com/jobs?q=Haskell+developer&l=united+states,https://www.indeed.com/jobs?q=Haskell+developer&l=united+states,"","",""
1585670647-18,https://github.com/tb0yd/job_dollars/wiki,"","","","","","","","","","","","","","",https://resumes.indeed.com/search?q=Redis+developer&l=united+states&searchFields=jt%2Cskills,https://resumes.indeed.com/search?q=Redis+developer&l=united+states&searchFields=jt%2Cskills,101 resumes
1585672219-781,https://github.com/tb0yd/job_dollars/wiki,"","",Mid Level (13059),"","","","","","","","","",https://www.indeed.com/jobs?q=JavaScript+developer&l=united+states,https://www.indeed.com/jobs?q=JavaScript+developer&l=united+states,"","",""
1585671380-152,https://github.com/tb0yd/job_dollars/wiki,Entry Level (666),"","","","","","","","","","","",https://www.indeed.com/jobs?q=Hadoop+developer&l=united+states,https://www.indeed.com/jobs?q=Hadoop+developer&l=united+states,"","",""
1585671926-511,https://github.com/tb0yd/job_dollars/wiki,Entry Level (2281),"","","","","","","","","","","",https://www.indeed.com/jobs?q=AWS+developer&l=united+states,https://www.indeed.com/jobs?q=AWS+developer&l=united+states,"","",""
1585670868-27,https://github.com/tb0yd/job_dollars/wiki,"","","","","","","","","","","","","","",https://resumes.indeed.com/search?l=united%20states&q=C%2B%2B+developer&searchFields=jt%2Cskills,https://resumes.indeed.com/search?l=united%20states&q=C%2B%2B+developer&searchFields=jt%2Cskills,"3,438 resumes"
1585671596-323,https://github.com/tb0yd/job_dollars/wiki,"","",Mid Level (764),"","","","","","","","","",https://www.indeed.com/jobs?q=ReactJS+developer&l=united+states,https://www.indeed.com/jobs?q=ReactJS+developer&l=united+states,"","",""
1585670494-9,https://github.com/tb0yd/job_dollars/wiki,"","","","","","","","","","","","","","",https://resumes.indeed.com/search?q=Scala+developer&l=united+states&searchFields=jt%2Cskills,https://resumes.indeed.com/search?q=Scala+developer&l=united+states&searchFields=jt%2Cskills,283 resumes
1585671380-153,https://github.com/tb0yd/job_dollars/wiki,"",Senior Level (1238),"","","","","","","","","","",https://www.indeed.com/jobs?q=Hadoop+developer&l=united+states,https://www.indeed.com/jobs?q=Hadoop+developer&l=united+states,"","",""
1585671298-117,https://github.com/tb0yd/job_dollars/wiki,"",Senior Level (337),"","","","","","","","","","",https://www.indeed.com/jobs?q=R+developer&l=united+states,https://www.indeed.com/jobs?q=R+developer&l=united+states,"","",""
1585671298-116,https://github.com/tb0yd/job_dollars/wiki,Entry Level (338),"","","","","","","","","","","",https://www.indeed.com/jobs?q=R+developer&l=united+states,https://www.indeed.com/jobs?q=R+developer&l=united+states,"","",""
1585671106-41,https://github.com/tb0yd/job_dollars/wiki,"","","","","","","","","","","","","","",https://resumes.indeed.com/search?q=JavaScript+developer&l=united+states&searchFields=jt%2Cskills,https://resumes.indeed.com/search?q=JavaScript+developer&l=united+states&searchFields=jt%2Cskills,"5,051 resumes"
1585670378-2,https://github.com/tb0yd/job_dollars/wiki,"","","","","","","","","","","","","","",https://resumes.indeed.com/search?q=Matlab+developer&l=united+states&searchFields=jt%2Cskills,https://resumes.indeed.com/search?q=Matlab+developer&l=united+states&searchFields=jt%2Cskills,294 resumes
1585671484-219,https://github.com/tb0yd/job_dollars/wiki,"","",Mid Level (2791),"","","","","","","","","",https://www.indeed.com/jobs?q=Salesforce+developer&l=united+states,https://www.indeed.com/jobs?q=Salesforce+developer&l=united+states,"","",""
1585671407-172,https://github.com/tb0yd/job_dollars/wiki,"","",Mid Level (18),"","","","","","","","","","https://www.indeed.com/jobs?q=""Windows+Phone""+developer&l=united+states",https://www.indeed.com/jobs?q=%22Windows+Phone%22+developer&l=united+states,"","",""
1585671428-184,https://github.com/tb0yd/job_dollars/wiki,"",Senior Level (8),"","","","","","","","","","",https://www.indeed.com/jobs?q=CoffeeScript+developer&l=united+states,https://www.indeed.com/jobs?q=CoffeeScript+developer&l=united+states,"","",""
1585670574-14,https://github.com/tb0yd/job_dollars/wiki,"","","","","","","","","","","","","","",https://resumes.indeed.com/search?l=united%20states&q=Raspberry+Pi+developer&searchFields=jt%2Cskills,https://resumes.indeed.com/search?l=united%20states&q=Raspberry+Pi+developer&searchFields=jt%2Cskills,26 resumes
1585672160-727,https://github.com/tb0yd/job_dollars/wiki,"","",Mid Level (966),"","","","","","","","","",https://www.indeed.com/jobs?q=WordPress+developer&l=united+states,https://www.indeed.com/jobs?q=WordPress+developer&l=united+states,"","",""
1585671146-43,https://github.com/tb0yd/job_dollars/wiki,"","","","","","","","","","","","","","",https://resumes.indeed.com/search?l=united%20states&q=iOS+developer&searchFields=jt%2Cskills,https://resumes.indeed.com/search?l=united%20states&q=iOS+developer&searchFields=jt%2Cskills,"2,115 resumes"
1585671759-394,https://github.com/tb0yd/job_dollars/wiki,"",Senior Level (17),"","","","","","","","","","",https://www.indeed.com/jobs?q=Haskell+developer&l=united+states,https://www.indeed.com/jobs?q=Haskell+developer&l=united+states,"","",""
1585671909-503,https://github.com/tb0yd/job_dollars/wiki,"","",Mid Level (14),"","","","","","","","","",https://www.indeed.com/jobs?q=GAE+developer&l=united+states,https://www.indeed.com/jobs?q=GAE+developer&l=united+states,"","",""
1585672177-744,https://github.com/tb0yd/job_dollars/wiki,"",Senior Level (4288),"","","","","","","","","","",https://www.indeed.com/jobs?q=SQL+developer&l=united+states,https://www.indeed.com/jobs?q=SQL+developer&l=united+states,"","",""
1585672101-673,https://github.com/tb0yd/job_dollars/wiki,"","",Mid Level (1794),"","","","","","","","","",https://www.indeed.com/jobs?q=MongoDB+developer&l=united+states,https://www.indeed.com/jobs?q=MongoDB+developer&l=united+states,"","",""
1585671970-548,https://github.com/tb0yd/job_dollars/wiki,"",Senior Level (76),"","","","","","","","","","","https://www.indeed.com/jobs?q=""Visual+Basic""+developer&l=united+states",https://www.indeed.com/jobs?q=%22Visual+Basic%22+developer&l=united+states,"","",""
1585672124-689,https://github.com/tb0yd/job_dollars/wiki,Entry Level (18),"","","","","","","","","","","",https://www.indeed.com/jobs?q=Cordova+developer&l=united+states,https://www.indeed.com/jobs?q=Cordova+developer&l=united+states,"","",""
1585671028-36,https://github.com/tb0yd/job_dollars/wiki,"","","","","","","","","","","","","","",https://resumes.indeed.com/search?q=Cordova+developer&l=united+states&searchFields=jt%2Cskills,https://resumes.indeed.com/search?q=Cordova+developer&l=united+states&searchFields=jt%2Cskills,47 resumes
1585671537-271,https://github.com/tb0yd/job_dollars/wiki,Entry Level (391),"","","","","","","","","","","",https://www.indeed.com/jobs?q=Swift+developer&l=united+states,https://www.indeed.com/jobs?q=Swift+developer&l=united+states,"","",""
1585671578-307,https://github.com/tb0yd/job_dollars/wiki,Entry Level (9),"","","","","","","","","","","",https://www.indeed.com/jobs?q=Arduino+developer&l=united+states,https://www.indeed.com/jobs?q=Arduino+developer&l=united+states,"","",""
1585672199-763,https://github.com/tb0yd/job_dollars/wiki,"","",Mid Level (4223),"","","","","","","","","",https://www.indeed.com/jobs?q=PHP+developer&l=united+states,https://www.indeed.com/jobs?q=PHP+developer&l=united+states,"","",""
1585670967-32,https://github.com/tb0yd/job_dollars/wiki,"","","","","","","","","","","","","","",https://resumes.indeed.com/search?l=united%20states&q=Dart+developer&searchFields=jt%2Cskills,https://resumes.indeed.com/search?l=united%20states&q=Dart+developer&searchFields=jt%2Cskills,29 resumes
1585671686-359,https://github.com/tb0yd/job_dollars/wiki,"","",Mid Level (612),"","","","","","","","","",https://www.indeed.com/jobs?q=Redis+developer&l=united+states,https://www.indeed.com/jobs?q=Redis+developer&l=united+states,"","",""
1585670424-8,https://github.com/tb0yd/job_dollars/wiki,"","","","","","","","","","","","","","","https://resumes.indeed.com/search?q=""Windows+Phone""+developer&l=united+states&searchFields=jt%2Cskills",https://resumes.indeed.com/search?q=%22Windows+Phone%22+developer&l=united+states&searchFields=jt%2Cskills,28 resumes
1585671841-449,https://github.com/tb0yd/job_dollars/wiki,"","",Mid Level (1409),"","","","","","","","","",https://www.indeed.com/jobs?q=AngularJS+developer&l=united+states,https://www.indeed.com/jobs?q=AngularJS+developer&l=united+states,"","",""
1585671586-315,https://github.com/tb0yd/job_dollars/wiki,"","","","","","",Senior Level (4),https://www.indeed.com/jobs?q=Arduino+developer&l=united+states&explvl=senior_level,"$101,100+ (1)","","","",https://www.indeed.com/jobs?q=Arduino+developer&l=united+states,https://www.indeed.com/jobs?q=Arduino+developer&l=united+states,"","",""
1585671992-567,https://github.com/tb0yd/job_dollars/wiki,"","",Mid Level (5231),"","","","","","","","","","https://www.indeed.com/jobs?q=""SQL+Server""+developer&l=united+states",https://www.indeed.com/jobs?q=%22SQL+Server%22+developer&l=united+states,"","",""
1585670785-24,https://github.com/tb0yd/job_dollars/wiki,"","","","","","","","","","","","","","",https://resumes.indeed.com/search?q=C+developer&l=united+states&searchFields=jt%2Cskills,https://resumes.indeed.com/search?q=C+developer&l=united+states&searchFields=jt%2Cskills,"3,490 resumes"
1585672066-639,https://github.com/tb0yd/job_dollars/wiki,"","",Mid Level (32),"","","","","","","","","",https://www.indeed.com/jobs?q=F%23+developer&l=united+states,https://www.indeed.com/jobs?q=F%23+developer&l=united+states,"","",""
1585672219-780,https://github.com/tb0yd/job_dollars/wiki,"",Senior Level (4162),"","","","","","","","","","",https://www.indeed.com/jobs?q=JavaScript+developer&l=united+states,https://www.indeed.com/jobs?q=JavaScript+developer&l=united+states,"","",""
1585671130-42,https://github.com/tb0yd/job_dollars/wiki,"","","","","","","","","","","","","","",https://resumes.indeed.com/search?l=united%20states&q=Objective-C+developer&searchFields=jt%2Cskills,https://resumes.indeed.com/search?l=united%20states&q=Objective-C+developer&searchFields=jt%2Cskills,92 resumes
1585672101-672,https://github.com/tb0yd/job_dollars/wiki,"",Senior Level (855),"","","","","","","","","","",https://www.indeed.com/jobs?q=MongoDB+developer&l=united+states,https://www.indeed.com/jobs?q=MongoDB+developer&l=united+states,"","",""
1585670895-28,https://github.com/tb0yd/job_dollars/wiki,"","","","","","","","","","","","","","","https://resumes.indeed.com/search?q=""Visual+Basic""+developer&l=united+states&searchFields=jt%2Cskills",https://resumes.indeed.com/search?q=%22Visual+Basic%22+developer&l=united+states&searchFields=jt%2Cskills,"1,135 resumes"
1585671279-99,https://github.com/tb0yd/job_dollars/wiki,"",Senior Level (20),"","","","","","","","","","",https://www.indeed.com/jobs?q=Clojure+developer&l=united+states,https://www.indeed.com/jobs?q=Clojure+developer&l=united+states,"","",""
1585672240-797,https://github.com/tb0yd/job_dollars/wiki,Entry Level (490),"","","","","","","","","","","",https://www.indeed.com/jobs?q=Objective-C+developer&l=united+states,https://www.indeed.com/jobs?q=Objective-C+developer&l=united+states,"","",""
1585672240-798,https://github.com/tb0yd/job_dollars/wiki,"",Senior Level (747),"","","","","","","","","","",https://www.indeed.com/jobs?q=Objective-C+developer&l=united+states,https://www.indeed.com/jobs?q=Objective-C+developer&l=united+states,"","",""
1585671457-199,https://github.com/tb0yd/job_dollars/wiki,Entry Level (342),"","","","","","","","","","","",https://www.indeed.com/jobs?q=Scala+developer&l=united+states,https://www.indeed.com/jobs?q=Scala+developer&l=united+states,"","",""
1585671992-565,https://github.com/tb0yd/job_dollars/wiki,Entry Level (978),"","","","","","","","","","","","https://www.indeed.com/jobs?q=""SQL+Server""+developer&l=united+states",https://www.indeed.com/jobs?q=%22SQL+Server%22+developer&l=united+states,"","",""
1585671279-100,https://github.com/tb0yd/job_dollars/wiki,"","",Mid Level (72),"","","","","","","","","",https://www.indeed.com/jobs?q=Clojure+developer&l=united+states,https://www.indeed.com/jobs?q=Clojure+developer&l=united+states,"","",""
1585672015-585,https://github.com/tb0yd/job_dollars/wiki,"","",Mid Level (319),"","","","","","","","","",https://www.indeed.com/jobs?q=LAMP+developer&l=united+states,https://www.indeed.com/jobs?q=LAMP+developer&l=united+states,"","",""
1585671578-309,https://github.com/tb0yd/job_dollars/wiki,"","",Mid Level (22),"","","","","","","","","",https://www.indeed.com/jobs?q=Arduino+developer&l=united+states,https://www.indeed.com/jobs?q=Arduino+developer&l=united+states,"","",""
1585670952-31,https://github.com/tb0yd/job_dollars/wiki,"","","","","","","","","","","","","","",https://resumes.indeed.com/search?l=united%20states&q=Java+developer&searchFields=jt%2Cskills,https://resumes.indeed.com/search?l=united%20states&q=Java+developer&searchFields=jt%2Cskills,"16,491 resumes"
1585670387-5,https://github.com/tb0yd/job_dollars/wiki,"","","","","","","","","","","","","","",https://resumes.indeed.com/search?l=united%20states&q=R+developer&searchFields=jt%2Cskills,https://resumes.indeed.com/search?l=united%20states&q=R+developer&searchFields=jt%2Cskills,819 resumes
1585671457-201,https://github.com/tb0yd/job_dollars/wiki,"","",Mid Level (1582),"","","","","","","","","",https://www.indeed.com/jobs?q=Scala+developer&l=united+states,https://www.indeed.com/jobs?q=Scala+developer&l=united+states,"","",""
1585672124-690,https://github.com/tb0yd/job_dollars/wiki,"",Senior Level (28),"","","","","","","","","","",https://www.indeed.com/jobs?q=Cordova+developer&l=united+states,https://www.indeed.com/jobs?q=Cordova+developer&l=united+states,"","",""
1585671087-40,https://github.com/tb0yd/job_dollars/wiki,"","","","","","","","","","","","","","",https://resumes.indeed.com/search?q=PHP+developer&l=united+states&searchFields=jt%2Cskills,https://resumes.indeed.com/search?q=PHP+developer&l=united+states&searchFields=jt%2Cskills,"2,613 resumes"
1585672051-619,https://github.com/tb0yd/job_dollars/wiki,Entry Level (21),"","","","","","","","","","","",https://www.indeed.com/jobs?q=Dart+developer&l=united+states,https://www.indeed.com/jobs?q=Dart+developer&l=united+states,"","",""
1585670593-15,https://github.com/tb0yd/job_dollars/wiki,"","","","","","","","","","","","","","",https://resumes.indeed.com/search?l=united%20states&q=Arduino+developer&searchFields=jt%2Cskills,https://resumes.indeed.com/search?l=united%20states&q=Arduino+developer&searchFields=jt%2Cskills,55 resumes
1585670751-22,https://github.com/tb0yd/job_dollars/wiki,"","","","","","","","","","","","","","",https://resumes.indeed.com/search?q=Spark+developer&l=united+states&searchFields=jt%2Cskills,https://resumes.indeed.com/search?q=Spark+developer&l=united+states&searchFields=jt%2Cskills,838 resumes
1585671457-200,https://github.com/tb0yd/job_dollars/wiki,"",Senior Level (699),"","","","","","","","","","",https://www.indeed.com/jobs?q=Scala+developer&l=united+states,https://www.indeed.com/jobs?q=Scala+developer&l=united+states,"","",""
1585671157-46,https://github.com/tb0yd/job_dollars/wiki,"","",Mid Level (13037),"","","","","","","","","",https://www.indeed.com/jobs?q=Python+developer&l=united+states,https://www.indeed.com/jobs?q=Python+developer&l=united+states,"","",""
1585671950-529,https://github.com/tb0yd/job_dollars/wiki,Entry Level (1707),"","","","","","","","","","","",https://www.indeed.com/jobs?q=C%2B%2B+developer&l=united+states,https://www.indeed.com/jobs?q=C%2B%2B+developer&l=united+states,"","",""
1585672083-654,https://github.com/tb0yd/job_dollars/wiki,"",Senior Level (3450),"","","","","","","","","","",https://www.indeed.com/jobs?q=C%23+developer&l=united+states,https://www.indeed.com/jobs?q=C%23+developer&l=united+states,"","",""
1585672037-603,https://github.com/tb0yd/job_dollars/wiki,"","",Mid Level (13164),"","","","","","","","","",https://www.indeed.com/jobs?q=Java+developer&l=united+states,https://www.indeed.com/jobs?q=Java+developer&l=united+states,"","",""
1585671841-448,https://github.com/tb0yd/job_dollars/wiki,"",Senior Level (480),"","","","","","","","","","",https://www.indeed.com/jobs?q=AngularJS+developer&l=united+states,https://www.indeed.com/jobs?q=AngularJS+developer&l=united+states,"","",""
1585671520-255,https://github.com/tb0yd/job_dollars/wiki,"","",Mid Level (1631),"","","","","","","","","",https://www.indeed.com/jobs?q=Perl+developer&l=united+states,https://www.indeed.com/jobs?q=Perl+developer&l=united+states,"","",""
1585670845-26,https://github.com/tb0yd/job_dollars/wiki,"","","","","","","","","","","","","","",https://resumes.indeed.com/search?l=united%20states&q=AWS+developer&searchFields=jt%2Cskills,https://resumes.indeed.com/search?l=united%20states&q=AWS+developer&searchFields=jt%2Cskills,"2,300 resumes"
1585671012-35,https://github.com/tb0yd/job_dollars/wiki,"","","","","","","","","","","","","","",https://resumes.indeed.com/search?q=MongoDB+developer&l=united+states&searchFields=jt%2Cskills,https://resumes.indeed.com/search?q=MongoDB+developer&l=united+states&searchFields=jt%2Cskills,"1,060 resumes"
1585671909-502,https://github.com/tb0yd/job_dollars/wiki,"",Senior Level (4),"","","","","","","","","","",https://www.indeed.com/jobs?q=GAE+developer&l=united+states,https://www.indeed.com/jobs?q=GAE+developer&l=united+states,"","",""
1585672263-816,https://github.com/tb0yd/job_dollars/wiki,"",Senior Level (823),"","","","","","","","","","",https://www.indeed.com/jobs?q=iOS+developer&l=united+states,https://www.indeed.com/jobs?q=iOS+developer&l=united+states,"","",""
1585672160-726,https://github.com/tb0yd/job_dollars/wiki,"",Senior Level (88),"","","","","","","","","","",https://www.indeed.com/jobs?q=WordPress+developer&l=united+states,https://www.indeed.com/jobs?q=WordPress+developer&l=united+states,"","",""
1585671813-430,https://github.com/tb0yd/job_dollars/wiki,"",Senior Level (945),"","","","","","","","","","",https://www.indeed.com/jobs?q=Spark+developer&l=united+states,https://www.indeed.com/jobs?q=Spark+developer&l=united+states,"","",""
1585671350-134,https://github.com/tb0yd/job_dollars/wiki,Entry Level (414),"","","","","","","","","","","",https://www.indeed.com/jobs?q=SharePoint+developer&l=united+states,https://www.indeed.com/jobs?q=SharePoint+developer&l=united+states,"","",""
1585672083-653,https://github.com/tb0yd/job_dollars/wiki,Entry Level (2949),"","","","","","","","","","","",https://www.indeed.com/jobs?q=C%23+developer&l=united+states,https://www.indeed.com/jobs?q=C%23+developer&l=united+states,"","",""
1585671279-98,https://github.com/tb0yd/job_dollars/wiki,Entry Level (15),"","","","","","","","","","","",https://www.indeed.com/jobs?q=Clojure+developer&l=united+states,https://www.indeed.com/jobs?q=Clojure+developer&l=united+states,"","",""
1585671686-357,https://github.com/tb0yd/job_dollars/wiki,Entry Level (188),"","","","","","","","","","","",https://www.indeed.com/jobs?q=Redis+developer&l=united+states,https://www.indeed.com/jobs?q=Redis+developer&l=united+states,"","",""
1585671759-395,https://github.com/tb0yd/job_dollars/wiki,"","",Mid Level (49),"","","","","","","","","",https://www.indeed.com/jobs?q=Haskell+developer&l=united+states,https://www.indeed.com/jobs?q=Haskell+developer&l=united+states,"","",""
